object_id,object_position_x,object_position_y,target_position_x,target_position_y,action_taken,action_success,timestamp,distance_to_target,object_type
1,10,4,5,0,move_up,False,2024-10-18T06:04:55.790446,6.4031242374328485,block
2,8,10,4,0,move_down,True,2024-10-18T06:04:55.790480,10.770329614269007,cylinder
3,0,2,9,1,move_up,True,2024-10-18T06:04:55.790503,9.055385138137417,sphere
4,3,9,5,0,move_up,True,2024-10-18T06:04:55.790515,9.219544457292887,sphere
5,10,1,0,7,move_up,False,2024-10-18T06:04:55.790526,11.661903789690601,block
6,2,10,3,9,move_left,True,2024-10-18T06:04:55.790537,1.4142135623730951,sphere
7,9,0,2,3,place,False,2024-10-18T06:04:55.790557,7.615773105863909,cylinder
8,2,5,5,0,move_left,True,2024-10-18T06:04:55.790572,5.830951894845301,block
9,2,1,4,8,pick,False,2024-10-18T06:04:55.790582,7.280109889280518,sphere
10,0,7,7,5,move_left,True,2024-10-18T06:04:55.790593,7.280109889280518,sphere
11,4,5,10,9,place,False,2024-10-18T06:04:55.790602,7.211102550927978,sphere
12,8,8,9,3,move_down,True,2024-10-18T06:04:55.790612,5.0990195135927845,sphere
13,2,0,7,10,place,False,2024-10-18T06:04:55.790622,11.180339887498949,cylinder
14,1,7,4,6,move_right,False,2024-10-18T06:04:55.790632,3.1622776601683795,cylinder
15,8,7,9,0,move_up,False,2024-10-18T06:04:55.790641,7.0710678118654755,block
16,3,1,5,4,move_right,False,2024-10-18T06:04:55.790651,3.605551275463989,sphere
17,7,2,5,5,move_left,True,2024-10-18T06:04:55.790661,3.605551275463989,sphere
18,8,4,5,1,place,False,2024-10-18T06:04:55.790670,4.242640687119285,cylinder
19,3,5,0,3,place,False,2024-10-18T06:04:55.790679,3.605551275463989,block
20,1,3,1,7,move_down,False,2024-10-18T06:04:55.790689,4.0,cylinder
21,7,10,5,0,move_left,False,2024-10-18T06:04:55.790699,10.198039027185569,cylinder
22,10,9,2,10,move_left,False,2024-10-18T06:04:55.790713,8.06225774829855,block
23,10,1,6,10,place,False,2024-10-18T06:04:55.790722,9.848857801796104,cylinder
24,5,3,10,5,move_left,True,2024-10-18T06:04:55.790732,5.385164807134504,cylinder
25,9,4,3,4,pick,False,2024-10-18T06:04:55.790742,6.0,block
26,9,1,7,3,move_down,False,2024-10-18T06:04:55.790754,2.8284271247461903,sphere
27,8,4,4,4,move_up,False,2024-10-18T06:04:55.790764,4.0,sphere
28,1,1,8,5,move_down,False,2024-10-18T06:04:55.790774,8.06225774829855,cylinder
29,3,4,3,4,pick,True,2024-10-18T06:04:55.790807,0.0,block
30,9,0,1,8,pick,False,2024-10-18T06:04:55.790825,11.313708498984761,block
31,1,0,1,4,move_right,True,2024-10-18T06:04:55.790843,4.0,block
32,2,8,1,2,move_up,False,2024-10-18T06:04:55.790853,6.082762530298219,block
33,8,7,9,8,pick,False,2024-10-18T06:04:55.790863,1.4142135623730951,sphere
34,1,1,1,9,move_down,False,2024-10-18T06:04:55.790873,8.0,block
35,1,2,8,4,move_right,False,2024-10-18T06:04:55.790887,7.280109889280518,block
36,0,7,0,6,place,True,2024-10-18T06:04:55.790898,1.0,cylinder
37,3,1,6,9,move_left,True,2024-10-18T06:04:55.790908,8.54400374531753,cylinder
38,8,6,0,0,move_right,True,2024-10-18T06:04:55.790918,10.0,sphere
39,4,8,4,8,place,True,2024-10-18T06:04:55.790928,0.0,sphere
40,8,0,9,1,place,False,2024-10-18T06:04:55.790937,1.4142135623730951,cylinder
41,0,6,5,9,pick,False,2024-10-18T06:04:55.790950,5.830951894845301,cylinder
42,8,10,10,1,pick,False,2024-10-18T06:04:55.790960,9.219544457292887,sphere
43,3,9,3,10,move_up,False,2024-10-18T06:04:55.790970,1.0,sphere
44,9,3,10,1,pick,False,2024-10-18T06:04:55.790986,2.23606797749979,block
45,6,7,4,1,move_down,True,2024-10-18T06:04:55.790996,6.324555320336759,block
46,7,10,8,3,place,False,2024-10-18T06:04:55.791005,7.0710678118654755,block
47,1,9,1,6,move_up,True,2024-10-18T06:04:55.791018,3.0,block
48,8,3,3,1,move_up,False,2024-10-18T06:04:55.791029,5.385164807134504,block
49,3,10,0,1,move_up,True,2024-10-18T06:04:55.791045,9.486832980505138,block
50,1,4,5,5,move_up,False,2024-10-18T06:04:55.791058,4.123105625617661,block
51,6,8,6,10,move_down,False,2024-10-18T06:04:55.791069,2.0,cylinder
52,1,2,7,0,move_down,False,2024-10-18T06:04:55.791079,6.324555320336759,cylinder
53,0,7,2,6,place,False,2024-10-18T06:04:55.791089,2.23606797749979,sphere
54,2,8,1,1,place,False,2024-10-18T06:04:55.791100,7.0710678118654755,block
55,8,9,8,5,move_down,False,2024-10-18T06:04:55.791110,4.0,cylinder
56,2,0,1,7,pick,False,2024-10-18T06:04:55.791119,7.0710678118654755,cylinder
57,1,3,3,3,move_up,False,2024-10-18T06:04:55.791138,2.0,block
58,2,5,0,7,place,False,2024-10-18T06:04:55.791154,2.8284271247461903,cylinder
59,10,10,0,10,move_down,False,2024-10-18T06:04:55.791169,10.0,cylinder
60,10,9,9,4,move_left,False,2024-10-18T06:04:55.791185,5.0990195135927845,block
61,6,1,9,7,move_right,True,2024-10-18T06:04:55.791195,6.708203932499369,sphere
62,8,0,4,10,move_right,False,2024-10-18T06:04:55.791206,10.770329614269007,cylinder
63,7,2,8,9,pick,False,2024-10-18T06:04:55.791216,7.0710678118654755,cylinder
64,6,4,8,8,move_down,False,2024-10-18T06:04:55.791227,4.47213595499958,sphere
65,4,6,3,7,move_down,False,2024-10-18T06:04:55.791238,1.4142135623730951,block
66,9,0,1,4,move_left,False,2024-10-18T06:04:55.791248,8.94427190999916,cylinder
67,9,8,10,8,move_right,True,2024-10-18T06:04:55.791258,1.0,sphere
68,3,7,7,2,move_right,True,2024-10-18T06:04:55.791268,6.4031242374328485,block
69,6,5,0,3,move_right,False,2024-10-18T06:04:55.791287,6.324555320336759,block
70,6,3,4,6,move_right,False,2024-10-18T06:04:55.791297,3.605551275463989,block
71,4,6,5,0,move_down,False,2024-10-18T06:04:55.791307,6.082762530298219,cylinder
72,5,9,7,2,move_down,True,2024-10-18T06:04:55.791316,7.280109889280518,sphere
73,4,2,1,7,place,False,2024-10-18T06:04:55.791326,5.830951894845301,cylinder
74,5,1,5,7,move_down,True,2024-10-18T06:04:55.791341,6.0,sphere
75,3,5,6,1,move_left,False,2024-10-18T06:04:55.791352,5.0,block
76,2,2,10,1,move_down,False,2024-10-18T06:04:55.791361,8.06225774829855,sphere
77,4,2,6,5,place,False,2024-10-18T06:04:55.791371,3.605551275463989,sphere
78,7,5,3,6,move_up,False,2024-10-18T06:04:55.791382,4.123105625617661,block
79,5,10,2,5,pick,False,2024-10-18T06:04:55.791392,5.830951894845301,cylinder
80,4,1,9,6,move_left,False,2024-10-18T06:04:55.791401,7.0710678118654755,sphere
81,4,5,4,9,place,False,2024-10-18T06:04:55.791411,4.0,sphere
82,8,6,7,0,pick,False,2024-10-18T06:04:55.791420,6.082762530298219,sphere
83,2,2,3,5,move_down,True,2024-10-18T06:04:55.791430,3.1622776601683795,sphere
84,2,6,7,5,move_up,False,2024-10-18T06:04:55.791440,5.0990195135927845,cylinder
85,9,1,0,7,pick,False,2024-10-18T06:04:55.791449,10.816653826391969,block
86,2,2,3,8,move_down,True,2024-10-18T06:04:55.791459,6.082762530298219,block
87,7,4,10,10,move_left,True,2024-10-18T06:04:55.791469,6.708203932499369,cylinder
88,6,3,7,8,move_up,False,2024-10-18T06:04:55.791479,5.0990195135927845,cylinder
89,5,1,9,2,move_up,True,2024-10-18T06:04:55.791511,4.123105625617661,sphere
90,5,7,7,7,move_up,True,2024-10-18T06:04:55.791521,2.0,cylinder
91,5,1,6,5,pick,False,2024-10-18T06:04:55.791530,4.123105625617661,block
92,3,0,3,1,move_right,False,2024-10-18T06:04:55.791540,1.0,block
93,3,4,4,7,place,False,2024-10-18T06:04:55.791549,3.1622776601683795,sphere
94,5,3,1,6,place,False,2024-10-18T06:04:55.791559,5.0,cylinder
95,1,5,3,4,move_up,True,2024-10-18T06:04:55.791569,2.23606797749979,cylinder
96,10,4,3,1,move_right,True,2024-10-18T06:04:55.791579,7.615773105863909,block
97,4,0,8,10,move_down,True,2024-10-18T06:04:55.791589,10.770329614269007,block
98,7,7,9,1,move_right,False,2024-10-18T06:04:55.791598,6.324555320336759,block
99,10,5,4,3,place,False,2024-10-18T06:04:55.791607,6.324555320336759,cylinder
100,2,4,9,10,place,False,2024-10-18T06:04:55.791634,9.219544457292887,cylinder
101,8,1,4,2,pick,False,2024-10-18T06:04:55.791650,4.123105625617661,sphere
102,0,8,8,0,move_down,False,2024-10-18T06:04:55.791663,11.313708498984761,cylinder
103,2,7,7,2,place,False,2024-10-18T06:04:55.791676,7.0710678118654755,cylinder
104,10,0,6,4,pick,False,2024-10-18T06:04:55.791688,5.656854249492381,sphere
105,9,8,0,2,pick,False,2024-10-18T06:04:55.791702,10.816653826391969,block
106,9,0,9,3,place,False,2024-10-18T06:04:55.791715,3.0,block
107,1,9,4,7,move_left,True,2024-10-18T06:04:55.791729,3.605551275463989,cylinder
108,7,3,4,7,move_left,True,2024-10-18T06:04:55.791745,5.0,sphere
109,5,9,7,9,move_left,False,2024-10-18T06:04:55.791761,2.0,cylinder
110,6,4,7,1,move_left,True,2024-10-18T06:04:55.791776,3.1622776601683795,cylinder
111,4,4,9,1,move_left,True,2024-10-18T06:04:55.791806,5.830951894845301,block
112,2,1,9,6,move_down,False,2024-10-18T06:04:55.791825,8.602325267042627,sphere
113,4,7,10,1,move_down,True,2024-10-18T06:04:55.791840,8.48528137423857,block
114,7,0,8,5,place,False,2024-10-18T06:04:55.791857,5.0990195135927845,sphere
115,7,1,9,6,move_up,True,2024-10-18T06:04:55.791873,5.385164807134504,cylinder
116,5,1,0,1,move_up,True,2024-10-18T06:04:55.791889,5.0,sphere
117,5,2,9,6,move_right,False,2024-10-18T06:04:55.791905,5.656854249492381,block
118,2,3,2,9,move_down,True,2024-10-18T06:04:55.791920,6.0,sphere
119,1,7,3,1,move_down,False,2024-10-18T06:04:55.791936,6.324555320336759,cylinder
120,9,0,6,5,move_down,True,2024-10-18T06:04:55.791951,5.830951894845301,block
121,6,2,0,9,move_up,True,2024-10-18T06:04:55.791969,9.219544457292887,cylinder
122,3,9,6,0,move_down,True,2024-10-18T06:04:55.791986,9.486832980505138,sphere
123,2,6,0,4,move_right,True,2024-10-18T06:04:55.792005,2.8284271247461903,cylinder
124,8,10,4,9,move_down,False,2024-10-18T06:04:55.792028,4.123105625617661,block
125,4,10,8,4,place,False,2024-10-18T06:04:55.792046,7.211102550927978,cylinder
126,1,8,6,1,pick,False,2024-10-18T06:04:55.792059,8.602325267042627,cylinder
127,5,2,3,0,place,False,2024-10-18T06:04:55.792111,2.8284271247461903,cylinder
128,9,0,10,8,move_right,False,2024-10-18T06:04:55.792142,8.06225774829855,cylinder
129,10,2,6,9,move_right,False,2024-10-18T06:04:55.792156,8.06225774829855,block
130,2,1,3,5,move_right,False,2024-10-18T06:04:55.792172,4.123105625617661,cylinder
131,5,4,9,6,move_left,True,2024-10-18T06:04:55.792187,4.47213595499958,block
132,5,4,6,4,pick,True,2024-10-18T06:04:55.792201,1.0,cylinder
133,6,2,9,3,move_left,False,2024-10-18T06:04:55.792216,3.1622776601683795,sphere
134,2,3,3,6,move_up,False,2024-10-18T06:04:55.792231,3.1622776601683795,sphere
135,4,5,0,7,place,False,2024-10-18T06:04:55.792245,4.47213595499958,cylinder
136,4,0,4,8,move_up,False,2024-10-18T06:04:55.792259,8.0,block
137,4,5,0,3,move_down,True,2024-10-18T06:04:55.792275,4.47213595499958,cylinder
138,0,5,5,6,place,False,2024-10-18T06:04:55.792288,5.0990195135927845,cylinder
139,7,6,2,0,place,False,2024-10-18T06:04:55.792302,7.810249675906654,sphere
140,8,2,10,9,place,False,2024-10-18T06:04:55.792320,7.280109889280518,cylinder
141,10,7,3,3,move_right,False,2024-10-18T06:04:55.792338,8.06225774829855,cylinder
142,8,8,10,9,move_right,False,2024-10-18T06:04:55.792353,2.23606797749979,block
143,10,1,4,2,move_down,True,2024-10-18T06:04:55.792369,6.082762530298219,block
144,10,6,3,8,move_right,True,2024-10-18T06:04:55.792386,7.280109889280518,sphere
145,0,1,7,4,pick,False,2024-10-18T06:04:55.792401,7.615773105863909,sphere
146,7,2,7,4,move_left,True,2024-10-18T06:04:55.792416,2.0,sphere
147,3,1,2,8,pick,False,2024-10-18T06:04:55.792432,7.0710678118654755,sphere
148,0,1,5,9,place,False,2024-10-18T06:04:55.792447,9.433981132056603,block
149,3,6,8,9,move_up,True,2024-10-18T06:04:55.792465,5.830951894845301,block
150,8,2,10,7,move_left,True,2024-10-18T06:04:55.792481,5.385164807134504,cylinder
151,7,4,2,1,place,False,2024-10-18T06:04:55.792497,5.830951894845301,block
152,8,6,10,2,move_right,True,2024-10-18T06:04:55.792514,4.47213595499958,sphere
153,0,4,7,9,move_right,False,2024-10-18T06:04:55.792529,8.602325267042627,sphere
154,9,0,8,9,move_right,True,2024-10-18T06:04:55.792547,9.055385138137417,sphere
155,6,4,10,0,pick,False,2024-10-18T06:04:55.792561,5.656854249492381,block
156,7,1,4,3,pick,False,2024-10-18T06:04:55.792575,3.605551275463989,sphere
157,7,10,8,4,move_left,False,2024-10-18T06:04:55.792591,6.082762530298219,sphere
158,1,8,9,1,move_left,False,2024-10-18T06:04:55.792609,10.63014581273465,sphere
159,3,2,0,5,place,False,2024-10-18T06:04:55.792626,4.242640687119285,sphere
160,9,0,4,1,place,False,2024-10-18T06:04:55.792642,5.0990195135927845,cylinder
161,4,6,6,1,place,False,2024-10-18T06:04:55.792658,5.385164807134504,block
162,6,4,4,1,move_up,False,2024-10-18T06:04:55.792675,3.605551275463989,cylinder
163,6,2,5,5,pick,False,2024-10-18T06:04:55.792689,3.1622776601683795,cylinder
164,9,6,3,4,place,False,2024-10-18T06:04:55.792706,6.324555320336759,cylinder
165,6,9,5,5,place,False,2024-10-18T06:04:55.792722,4.123105625617661,block
166,9,10,10,1,move_down,False,2024-10-18T06:04:55.792753,9.055385138137417,sphere
167,9,4,7,10,move_left,True,2024-10-18T06:04:55.792771,6.324555320336759,block
168,1,10,7,1,pick,False,2024-10-18T06:04:55.792800,10.816653826391969,sphere
169,7,6,3,1,pick,False,2024-10-18T06:04:55.792819,6.4031242374328485,block
170,1,9,0,10,pick,False,2024-10-18T06:04:55.792832,1.4142135623730951,sphere
171,7,3,6,9,place,False,2024-10-18T06:04:55.792850,6.082762530298219,sphere
172,8,2,3,4,move_left,False,2024-10-18T06:04:55.792869,5.385164807134504,cylinder
173,4,7,3,8,move_left,True,2024-10-18T06:04:55.792886,1.4142135623730951,cylinder
174,1,8,4,0,move_left,True,2024-10-18T06:04:55.792904,8.54400374531753,cylinder
175,8,10,4,2,place,False,2024-10-18T06:04:55.792928,8.94427190999916,sphere
176,1,6,2,8,move_down,True,2024-10-18T06:04:55.792945,2.23606797749979,block
177,6,2,7,3,place,False,2024-10-18T06:04:55.792961,1.4142135623730951,cylinder
178,4,0,1,10,place,False,2024-10-18T06:04:55.792977,10.44030650891055,sphere
179,8,9,3,9,move_down,False,2024-10-18T06:04:55.792994,5.0,sphere
180,10,6,8,6,move_up,True,2024-10-18T06:04:55.793011,2.0,cylinder
181,3,5,10,7,place,False,2024-10-18T06:04:55.793026,7.280109889280518,sphere
182,0,2,2,4,place,False,2024-10-18T06:04:55.793043,2.8284271247461903,sphere
183,3,1,6,4,move_right,True,2024-10-18T06:04:55.793060,4.242640687119285,sphere
184,8,0,1,1,move_up,False,2024-10-18T06:04:55.793077,7.0710678118654755,cylinder
185,4,8,0,7,move_left,False,2024-10-18T06:04:55.793094,4.123105625617661,block
186,10,2,0,3,move_right,True,2024-10-18T06:04:55.793111,10.04987562112089,sphere
187,3,1,8,3,move_right,True,2024-10-18T06:04:55.793128,5.385164807134504,sphere
188,3,8,4,9,move_right,False,2024-10-18T06:04:55.793146,1.4142135623730951,block
189,6,3,5,1,move_left,False,2024-10-18T06:04:55.793164,2.23606797749979,sphere
190,0,5,8,3,move_down,False,2024-10-18T06:04:55.793180,8.246211251235321,cylinder
191,9,4,7,3,move_down,True,2024-10-18T06:04:55.793198,2.23606797749979,sphere
192,10,0,7,10,move_down,False,2024-10-18T06:04:55.793215,10.44030650891055,block
193,8,2,0,7,move_left,True,2024-10-18T06:04:55.793233,9.433981132056603,block
194,6,5,5,0,move_down,False,2024-10-18T06:04:55.793248,5.0990195135927845,block
195,2,4,7,7,move_left,True,2024-10-18T06:04:55.793266,5.830951894845301,cylinder
196,10,8,5,4,pick,False,2024-10-18T06:04:55.793282,6.4031242374328485,sphere
197,1,5,10,7,move_right,True,2024-10-18T06:04:55.793297,9.219544457292887,block
198,2,5,7,3,move_right,False,2024-10-18T06:04:55.793312,5.385164807134504,sphere
199,10,4,8,8,move_left,True,2024-10-18T06:04:55.793327,4.47213595499958,block
200,9,5,4,7,move_down,False,2024-10-18T06:04:55.793345,5.385164807134504,sphere
201,10,9,10,2,move_right,True,2024-10-18T06:04:55.793363,7.0,sphere
202,9,0,2,3,move_left,True,2024-10-18T06:04:55.793381,7.615773105863909,sphere
203,2,7,8,6,place,False,2024-10-18T06:04:55.793399,6.082762530298219,cylinder
204,0,2,9,2,place,False,2024-10-18T06:04:55.793417,9.0,sphere
205,3,8,5,6,pick,False,2024-10-18T06:04:55.793433,2.8284271247461903,sphere
206,1,10,8,0,move_left,True,2024-10-18T06:04:55.793448,12.206555615733702,cylinder
207,8,0,3,2,move_down,True,2024-10-18T06:04:55.793464,5.385164807134504,block
208,3,4,4,2,move_right,True,2024-10-18T06:04:55.793481,2.23606797749979,sphere
209,4,0,5,3,move_right,True,2024-10-18T06:04:55.793498,3.1622776601683795,cylinder
210,9,2,5,5,move_left,True,2024-10-18T06:04:55.793516,5.0,sphere
211,0,4,3,10,move_left,False,2024-10-18T06:04:55.793532,6.708203932499369,cylinder
212,1,4,10,4,move_right,True,2024-10-18T06:04:55.793548,9.0,sphere
213,3,2,1,4,move_right,False,2024-10-18T06:04:55.793566,2.8284271247461903,sphere
214,10,7,1,0,place,False,2024-10-18T06:04:55.793591,11.40175425099138,block
215,10,5,2,10,pick,False,2024-10-18T06:04:55.793613,9.433981132056603,sphere
216,4,8,7,9,place,False,2024-10-18T06:04:55.793634,3.1622776601683795,cylinder
217,4,2,10,3,pick,False,2024-10-18T06:04:55.793652,6.082762530298219,sphere
218,10,4,10,9,move_up,False,2024-10-18T06:04:55.793669,5.0,cylinder
219,5,0,6,9,place,False,2024-10-18T06:04:55.793683,9.055385138137417,cylinder
220,5,9,8,3,move_left,True,2024-10-18T06:04:55.793698,6.708203932499369,cylinder
221,1,6,8,8,pick,False,2024-10-18T06:04:55.793714,7.280109889280518,block
222,4,1,4,8,move_up,True,2024-10-18T06:04:55.793735,7.0,cylinder
223,2,1,6,4,move_left,False,2024-10-18T06:04:55.793760,5.0,sphere
224,7,6,7,3,move_right,False,2024-10-18T06:04:55.793777,3.0,block
225,4,5,5,7,place,False,2024-10-18T06:04:55.793814,2.23606797749979,cylinder
226,8,0,3,9,move_down,True,2024-10-18T06:04:55.793834,10.295630140987,block
227,5,4,10,0,move_up,False,2024-10-18T06:04:55.793850,6.4031242374328485,sphere
228,8,5,3,3,place,False,2024-10-18T06:04:55.793867,5.385164807134504,block
229,0,6,10,6,move_left,False,2024-10-18T06:04:55.793886,10.0,block
230,4,8,3,6,pick,False,2024-10-18T06:04:55.793903,2.23606797749979,block
231,9,9,3,1,move_left,True,2024-10-18T06:04:55.793921,10.0,sphere
232,3,3,3,10,move_left,False,2024-10-18T06:04:55.793938,7.0,cylinder
233,7,0,4,2,move_up,True,2024-10-18T06:04:55.793956,3.605551275463989,cylinder
234,10,7,6,1,move_up,False,2024-10-18T06:04:55.793976,7.211102550927978,block
235,10,1,5,0,move_up,True,2024-10-18T06:04:55.793993,5.0990195135927845,cylinder
236,5,8,2,7,place,False,2024-10-18T06:04:55.794009,3.1622776601683795,block
237,10,5,4,6,move_down,False,2024-10-18T06:04:55.794027,6.082762530298219,sphere
238,8,2,10,8,pick,False,2024-10-18T06:04:55.794044,6.324555320336759,sphere
239,0,1,0,3,place,False,2024-10-18T06:04:55.794061,2.0,sphere
240,6,10,1,10,pick,False,2024-10-18T06:04:55.794077,5.0,cylinder
241,9,3,8,5,move_up,False,2024-10-18T06:04:55.794095,2.23606797749979,block
242,4,6,0,9,pick,False,2024-10-18T06:04:55.794113,5.0,cylinder
243,6,8,3,9,move_left,True,2024-10-18T06:04:55.794130,3.1622776601683795,cylinder
244,6,8,10,2,move_up,False,2024-10-18T06:04:55.794147,7.211102550927978,cylinder
245,4,8,10,3,move_up,False,2024-10-18T06:04:55.794164,7.810249675906654,sphere
246,4,0,4,3,move_right,True,2024-10-18T06:04:55.794182,3.0,cylinder
247,7,10,0,2,place,False,2024-10-18T06:04:55.794198,10.63014581273465,sphere
248,6,3,8,8,move_down,True,2024-10-18T06:04:55.794213,5.385164807134504,cylinder
249,1,3,2,4,place,False,2024-10-18T06:04:55.794227,1.4142135623730951,cylinder
250,1,2,7,10,move_down,False,2024-10-18T06:04:55.794242,10.0,block
251,7,1,4,3,move_up,False,2024-10-18T06:04:55.794260,3.605551275463989,block
252,5,0,0,0,move_down,False,2024-10-18T06:04:55.794282,5.0,block
253,1,7,5,6,pick,False,2024-10-18T06:04:55.794300,4.123105625617661,block
254,7,6,7,3,place,False,2024-10-18T06:04:55.794316,3.0,cylinder
255,4,7,8,7,move_right,False,2024-10-18T06:04:55.794334,4.0,sphere
256,4,0,6,10,move_up,True,2024-10-18T06:04:55.794351,10.198039027185569,block
257,0,1,5,10,move_left,False,2024-10-18T06:04:55.794370,10.295630140987,block
258,5,3,10,8,move_left,False,2024-10-18T06:04:55.794390,7.0710678118654755,block
259,9,3,0,4,move_up,False,2024-10-18T06:04:55.794409,9.055385138137417,sphere
260,5,4,10,3,move_left,True,2024-10-18T06:04:55.794428,5.0990195135927845,block
261,10,10,3,5,pick,False,2024-10-18T06:04:55.794446,8.602325267042627,cylinder
262,3,2,8,5,pick,False,2024-10-18T06:04:55.794464,5.830951894845301,block
263,8,5,5,6,move_up,False,2024-10-18T06:04:55.794483,3.1622776601683795,block
264,1,10,1,4,place,False,2024-10-18T06:04:55.794500,6.0,block
265,1,4,10,2,move_up,True,2024-10-18T06:04:55.794529,9.219544457292887,cylinder
266,2,6,3,5,place,False,2024-10-18T06:04:55.794546,1.4142135623730951,block
267,0,1,6,2,move_right,True,2024-10-18T06:04:55.794565,6.082762530298219,cylinder
268,3,5,5,1,move_left,True,2024-10-18T06:04:55.794584,4.47213595499958,cylinder
269,5,2,6,6,move_down,True,2024-10-18T06:04:55.794602,4.123105625617661,block
270,0,1,6,0,place,False,2024-10-18T06:04:55.794621,6.082762530298219,sphere
271,9,5,5,9,place,False,2024-10-18T06:04:55.794640,5.656854249492381,block
272,4,9,4,0,move_left,True,2024-10-18T06:04:55.794658,9.0,block
273,1,6,9,10,move_down,True,2024-10-18T06:04:55.794678,8.94427190999916,sphere
274,4,1,9,1,move_down,True,2024-10-18T06:04:55.794696,5.0,block
275,0,9,10,3,place,False,2024-10-18T06:04:55.794714,11.661903789690601,cylinder
276,6,10,8,5,move_down,True,2024-10-18T06:04:55.794734,5.385164807134504,cylinder
277,9,3,9,7,move_right,True,2024-10-18T06:04:55.794763,4.0,cylinder
278,0,0,0,3,pick,False,2024-10-18T06:04:55.794781,3.0,block
279,3,1,6,5,place,False,2024-10-18T06:04:55.794813,5.0,cylinder
280,8,4,10,6,move_left,False,2024-10-18T06:04:55.794832,2.8284271247461903,cylinder
281,8,2,6,9,pick,False,2024-10-18T06:04:55.794849,7.280109889280518,block
282,1,5,8,7,place,False,2024-10-18T06:04:55.794864,7.280109889280518,cylinder
283,3,3,9,2,place,False,2024-10-18T06:04:55.794879,6.082762530298219,block
284,1,10,5,8,pick,False,2024-10-18T06:04:55.794895,4.47213595499958,sphere
285,1,8,9,2,move_left,False,2024-10-18T06:04:55.794912,10.0,sphere
286,2,5,9,8,move_up,True,2024-10-18T06:04:55.794928,7.615773105863909,cylinder
287,9,7,6,5,move_down,True,2024-10-18T06:04:55.794946,3.605551275463989,sphere
288,3,0,7,2,move_up,False,2024-10-18T06:04:55.794962,4.47213595499958,block
289,2,3,3,5,move_left,True,2024-10-18T06:04:55.794980,2.23606797749979,cylinder
290,3,1,0,4,move_up,True,2024-10-18T06:04:55.794998,4.242640687119285,sphere
291,8,10,4,5,move_down,False,2024-10-18T06:04:55.795015,6.4031242374328485,cylinder
292,4,7,10,9,move_left,True,2024-10-18T06:04:55.795032,6.324555320336759,sphere
293,0,1,2,10,move_left,True,2024-10-18T06:04:55.795049,9.219544457292887,sphere
294,7,9,10,6,move_left,True,2024-10-18T06:04:55.795076,4.242640687119285,cylinder
295,10,9,7,5,move_left,False,2024-10-18T06:04:55.795096,5.0,sphere
296,6,4,2,3,move_up,False,2024-10-18T06:04:55.795114,4.123105625617661,sphere
297,2,9,8,7,place,False,2024-10-18T06:04:55.795132,6.324555320336759,block
298,5,0,9,8,move_right,False,2024-10-18T06:04:55.795149,8.94427190999916,cylinder
299,0,2,5,0,pick,False,2024-10-18T06:04:55.795165,5.385164807134504,sphere
300,8,3,8,10,move_up,False,2024-10-18T06:04:55.795183,7.0,cylinder
301,2,6,5,10,move_right,True,2024-10-18T06:04:55.795201,5.0,sphere
302,6,4,10,8,move_right,False,2024-10-18T06:04:55.795218,5.656854249492381,block
303,7,8,0,7,move_up,True,2024-10-18T06:04:55.795236,7.0710678118654755,sphere
304,10,3,5,3,place,False,2024-10-18T06:04:55.795252,5.0,block
305,7,6,2,9,move_down,False,2024-10-18T06:04:55.795269,5.830951894845301,block
306,6,9,8,5,move_down,False,2024-10-18T06:04:55.795287,4.47213595499958,sphere
307,1,4,7,4,place,False,2024-10-18T06:04:55.795309,6.0,cylinder
308,3,7,1,8,move_left,True,2024-10-18T06:04:55.795327,2.23606797749979,cylinder
309,10,0,4,2,move_left,False,2024-10-18T06:04:55.795344,6.324555320336759,sphere
310,9,2,8,3,move_left,True,2024-10-18T06:04:55.795363,1.4142135623730951,block
311,9,2,4,6,move_down,False,2024-10-18T06:04:55.795378,6.4031242374328485,block
312,1,10,6,6,move_right,False,2024-10-18T06:04:55.795395,6.4031242374328485,cylinder
313,9,9,7,8,move_down,False,2024-10-18T06:04:55.795411,2.23606797749979,cylinder
314,5,3,9,7,move_down,True,2024-10-18T06:04:55.795428,5.656854249492381,block
315,4,10,4,10,move_up,False,2024-10-18T06:04:55.795444,0.0,cylinder
316,3,8,3,9,move_right,False,2024-10-18T06:04:55.795463,1.0,block
317,4,10,2,2,move_left,True,2024-10-18T06:04:55.795478,8.246211251235321,sphere
318,2,6,1,3,move_down,False,2024-10-18T06:04:55.795494,3.1622776601683795,sphere
319,1,10,1,5,pick,False,2024-10-18T06:04:55.795508,5.0,sphere
320,8,3,3,2,move_right,True,2024-10-18T06:04:55.795529,5.0990195135927845,block
321,7,3,4,9,place,False,2024-10-18T06:04:55.795544,6.708203932499369,sphere
322,7,1,3,4,move_right,True,2024-10-18T06:04:55.795560,5.0,cylinder
323,5,9,10,4,move_up,False,2024-10-18T06:04:55.795575,7.0710678118654755,block
324,6,10,0,2,move_left,False,2024-10-18T06:04:55.795592,10.0,cylinder
325,10,5,0,7,move_left,True,2024-10-18T06:04:55.795607,10.198039027185569,cylinder
326,7,9,1,7,move_right,True,2024-10-18T06:04:55.795629,6.324555320336759,block
327,10,0,0,8,move_left,False,2024-10-18T06:04:55.795651,12.806248474865697,sphere
328,1,3,6,7,move_down,True,2024-10-18T06:04:55.795674,6.4031242374328485,sphere
329,8,6,0,6,move_left,True,2024-10-18T06:04:55.795698,8.0,cylinder
330,10,8,10,6,place,False,2024-10-18T06:04:55.795714,2.0,sphere
331,1,6,10,0,move_down,False,2024-10-18T06:04:55.795732,10.816653826391969,cylinder
332,10,1,10,2,move_up,False,2024-10-18T06:04:55.795758,1.0,cylinder
333,6,7,9,3,move_left,False,2024-10-18T06:04:55.795775,5.0,sphere
334,2,10,1,1,pick,False,2024-10-18T06:04:55.795809,9.055385138137417,sphere
335,0,9,7,4,move_right,False,2024-10-18T06:04:55.795827,8.602325267042627,cylinder
336,6,9,5,8,move_left,False,2024-10-18T06:04:55.795843,1.4142135623730951,block
337,5,10,6,0,move_down,False,2024-10-18T06:04:55.795860,10.04987562112089,cylinder
338,3,0,8,5,move_up,False,2024-10-18T06:04:55.795877,7.0710678118654755,cylinder
339,0,9,7,7,move_up,True,2024-10-18T06:04:55.795895,7.280109889280518,cylinder
340,4,8,4,0,move_right,False,2024-10-18T06:04:55.795912,8.0,sphere
341,10,7,9,0,move_right,True,2024-10-18T06:04:55.795928,7.0710678118654755,sphere
342,10,1,8,1,move_up,False,2024-10-18T06:04:55.795943,2.0,cylinder
343,9,10,9,2,move_up,False,2024-10-18T06:04:55.795958,8.0,cylinder
344,4,6,0,6,move_up,False,2024-10-18T06:04:55.795975,4.0,cylinder
345,6,4,0,3,place,False,2024-10-18T06:04:55.795990,6.082762530298219,block
346,0,0,4,5,move_right,True,2024-10-18T06:04:55.796007,6.4031242374328485,sphere
347,5,10,7,7,move_down,False,2024-10-18T06:04:55.796028,3.605551275463989,block
348,0,3,0,9,move_up,False,2024-10-18T06:04:55.796044,6.0,cylinder
349,8,5,2,7,place,False,2024-10-18T06:04:55.796061,6.324555320336759,sphere
350,0,1,8,4,move_left,True,2024-10-18T06:04:55.796077,8.54400374531753,cylinder
351,6,7,10,2,move_up,True,2024-10-18T06:04:55.796093,6.4031242374328485,block
352,0,1,1,10,move_up,True,2024-10-18T06:04:55.796118,9.055385138137417,sphere
353,9,1,0,0,move_right,False,2024-10-18T06:04:55.796135,9.055385138137417,block
354,4,6,6,8,move_up,True,2024-10-18T06:04:55.796153,2.8284271247461903,block
355,5,6,2,0,move_down,False,2024-10-18T06:04:55.796169,6.708203932499369,sphere
356,5,6,8,1,move_left,True,2024-10-18T06:04:55.796189,5.830951894845301,sphere
357,9,3,5,1,pick,False,2024-10-18T06:04:55.796204,4.47213595499958,cylinder
358,8,5,0,1,place,False,2024-10-18T06:04:55.796220,8.94427190999916,cylinder
359,8,10,1,3,move_right,False,2024-10-18T06:04:55.796238,9.899494936611665,cylinder
360,8,8,6,1,move_down,False,2024-10-18T06:04:55.796260,7.280109889280518,sphere
361,9,10,0,4,pick,False,2024-10-18T06:04:55.796276,10.816653826391969,block
362,3,9,6,10,place,False,2024-10-18T06:04:55.796292,3.1622776601683795,cylinder
363,0,10,2,10,move_up,False,2024-10-18T06:04:55.796310,2.0,sphere
364,3,4,10,5,move_right,True,2024-10-18T06:04:55.796328,7.0710678118654755,cylinder
365,7,3,1,8,move_down,True,2024-10-18T06:04:55.796345,7.810249675906654,sphere
366,2,0,5,10,move_down,False,2024-10-18T06:04:55.796364,10.44030650891055,sphere
367,8,1,8,9,move_right,True,2024-10-18T06:04:55.796381,8.0,cylinder
368,0,0,7,2,place,False,2024-10-18T06:04:55.796397,7.280109889280518,sphere
369,1,4,3,4,place,False,2024-10-18T06:04:55.796413,2.0,cylinder
370,6,10,6,9,place,True,2024-10-18T06:04:55.796428,1.0,block
371,5,9,10,0,move_up,False,2024-10-18T06:04:55.796446,10.295630140987,sphere
372,5,3,0,2,move_up,False,2024-10-18T06:04:55.796463,5.0990195135927845,cylinder
373,6,6,10,2,pick,False,2024-10-18T06:04:55.796484,5.656854249492381,cylinder
374,9,9,1,7,move_right,False,2024-10-18T06:04:55.796501,8.246211251235321,block
375,7,8,5,6,move_down,True,2024-10-18T06:04:55.796520,2.8284271247461903,block
376,8,7,1,7,pick,False,2024-10-18T06:04:55.796535,7.0,sphere
377,10,3,1,9,move_right,False,2024-10-18T06:04:55.796718,10.816653826391969,cylinder
378,2,1,1,1,move_down,False,2024-10-18T06:04:55.796739,1.0,sphere
379,7,10,7,4,move_right,False,2024-10-18T06:04:55.796764,6.0,cylinder
380,10,0,8,3,place,False,2024-10-18T06:04:55.796782,3.605551275463989,sphere
381,8,1,10,3,place,False,2024-10-18T06:04:55.796824,2.8284271247461903,cylinder
382,0,5,8,2,move_up,True,2024-10-18T06:04:55.796841,8.54400374531753,cylinder
383,5,10,3,5,move_left,True,2024-10-18T06:04:55.796859,5.385164807134504,block
384,3,5,10,1,move_left,True,2024-10-18T06:04:55.796877,8.06225774829855,cylinder
385,8,0,8,5,move_left,True,2024-10-18T06:04:55.796895,5.0,block
386,4,4,6,5,move_down,True,2024-10-18T06:04:55.796913,2.23606797749979,block
387,5,1,6,7,pick,False,2024-10-18T06:04:55.796936,6.082762530298219,sphere
388,9,1,4,0,move_up,True,2024-10-18T06:04:55.796953,5.0990195135927845,sphere
389,2,9,6,1,move_down,True,2024-10-18T06:04:55.796972,8.94427190999916,cylinder
390,9,3,5,5,pick,False,2024-10-18T06:04:55.796989,4.47213595499958,block
391,8,0,8,9,move_down,False,2024-10-18T06:04:55.797008,9.0,sphere
392,5,9,3,2,move_down,False,2024-10-18T06:04:55.797025,7.280109889280518,block
393,1,8,10,10,move_left,True,2024-10-18T06:04:55.797042,9.219544457292887,cylinder
394,5,0,4,7,move_right,False,2024-10-18T06:04:55.797058,7.0710678118654755,block
395,8,7,2,1,move_down,False,2024-10-18T06:04:55.797074,8.48528137423857,block
396,5,8,10,4,move_right,False,2024-10-18T06:04:55.797089,6.4031242374328485,block
397,5,7,6,6,move_right,False,2024-10-18T06:04:55.797105,1.4142135623730951,sphere
398,5,10,3,7,move_up,True,2024-10-18T06:04:55.797122,3.605551275463989,sphere
399,9,7,2,3,move_down,False,2024-10-18T06:04:55.797139,8.06225774829855,block
400,8,9,8,9,move_right,False,2024-10-18T06:04:55.797165,0.0,cylinder
401,0,5,3,3,pick,False,2024-10-18T06:04:55.797182,3.605551275463989,cylinder
402,0,2,10,2,move_down,True,2024-10-18T06:04:55.797201,10.0,block
403,10,7,10,10,pick,False,2024-10-18T06:04:55.797218,3.0,sphere
404,0,4,9,5,move_right,True,2024-10-18T06:04:55.797237,9.055385138137417,block
405,3,9,10,1,move_left,False,2024-10-18T06:04:55.797254,10.63014581273465,block
406,2,5,8,4,move_down,True,2024-10-18T06:04:55.797271,6.082762530298219,cylinder
407,6,8,9,8,place,False,2024-10-18T06:04:55.797288,3.0,block
408,10,7,0,5,pick,False,2024-10-18T06:04:55.797303,10.198039027185569,cylinder
409,1,3,1,9,move_down,False,2024-10-18T06:04:55.797320,6.0,cylinder
410,6,2,7,2,pick,True,2024-10-18T06:04:55.797336,1.0,sphere
411,10,1,4,4,move_right,False,2024-10-18T06:04:55.797353,6.708203932499369,cylinder
412,10,8,10,3,move_down,False,2024-10-18T06:04:55.797370,5.0,block
413,9,2,6,6,place,False,2024-10-18T06:04:55.797393,5.0,sphere
414,7,10,7,6,move_up,False,2024-10-18T06:04:55.797411,4.0,cylinder
415,10,4,0,6,pick,False,2024-10-18T06:04:55.797428,10.198039027185569,sphere
416,2,4,9,9,pick,False,2024-10-18T06:04:55.797443,8.602325267042627,cylinder
417,9,7,10,8,move_down,False,2024-10-18T06:04:55.797460,1.4142135623730951,block
418,2,1,2,9,pick,False,2024-10-18T06:04:55.797476,8.0,block
419,7,1,8,3,move_left,False,2024-10-18T06:04:55.797492,2.23606797749979,cylinder
420,10,7,1,4,place,False,2024-10-18T06:04:55.797508,9.486832980505138,block
421,10,2,9,4,pick,False,2024-10-18T06:04:55.797523,2.23606797749979,sphere
422,0,7,10,5,move_left,True,2024-10-18T06:04:55.797540,10.198039027185569,cylinder
423,3,0,7,3,place,False,2024-10-18T06:04:55.797556,5.0,block
424,2,7,5,7,place,False,2024-10-18T06:04:55.797570,3.0,block
425,4,1,5,2,move_right,True,2024-10-18T06:04:55.797586,1.4142135623730951,block
426,10,10,4,6,move_left,False,2024-10-18T06:04:55.797607,7.211102550927978,cylinder
427,0,9,2,8,place,False,2024-10-18T06:04:55.797621,2.23606797749979,sphere
428,1,0,10,3,place,False,2024-10-18T06:04:55.797637,9.486832980505138,sphere
429,0,4,2,10,pick,False,2024-10-18T06:04:55.797653,6.324555320336759,cylinder
430,4,4,4,7,move_down,True,2024-10-18T06:04:55.797669,3.0,sphere
431,2,7,9,0,move_left,False,2024-10-18T06:04:55.797686,9.899494936611665,sphere
432,10,0,3,9,move_down,True,2024-10-18T06:04:55.797703,11.40175425099138,cylinder
433,5,8,1,8,move_up,True,2024-10-18T06:04:55.797720,4.0,sphere
434,1,0,5,6,move_down,False,2024-10-18T06:04:55.797737,7.211102550927978,block
435,5,9,10,9,pick,False,2024-10-18T06:04:55.797762,5.0,cylinder
436,3,1,3,9,move_left,True,2024-10-18T06:04:55.797778,8.0,cylinder
437,7,6,7,6,move_up,True,2024-10-18T06:04:55.797827,0.0,sphere
438,0,7,0,0,move_up,True,2024-10-18T06:04:55.797845,7.0,cylinder
439,3,9,3,6,place,False,2024-10-18T06:04:55.797865,3.0,cylinder
440,4,3,8,2,move_down,True,2024-10-18T06:04:55.797884,4.123105625617661,sphere
441,6,0,3,4,move_down,False,2024-10-18T06:04:55.797898,5.0,sphere
442,9,8,2,5,move_down,True,2024-10-18T06:04:55.797914,7.615773105863909,block
443,5,3,8,0,place,False,2024-10-18T06:04:55.797928,4.242640687119285,cylinder
444,10,10,6,10,move_left,False,2024-10-18T06:04:55.797942,4.0,sphere
445,7,6,1,4,move_right,False,2024-10-18T06:04:55.797957,6.324555320336759,cylinder
446,0,8,9,9,place,False,2024-10-18T06:04:55.797970,9.055385138137417,block
447,8,7,1,4,move_right,True,2024-10-18T06:04:55.797984,7.615773105863909,sphere
448,4,9,5,2,move_left,False,2024-10-18T06:04:55.797999,7.0710678118654755,block
449,7,6,0,3,move_left,True,2024-10-18T06:04:55.798014,7.615773105863909,sphere
450,9,6,2,1,place,False,2024-10-18T06:04:55.798028,8.602325267042627,sphere
451,9,10,5,1,pick,False,2024-10-18T06:04:55.798042,9.848857801796104,cylinder
452,0,10,3,6,move_down,True,2024-10-18T06:04:55.798057,5.0,block
453,9,2,6,4,pick,False,2024-10-18T06:04:55.798077,3.605551275463989,block
454,9,9,5,3,move_down,False,2024-10-18T06:04:55.798094,7.211102550927978,sphere
455,6,5,7,4,pick,False,2024-10-18T06:04:55.798109,1.4142135623730951,block
456,6,6,8,5,move_left,False,2024-10-18T06:04:55.798126,2.23606797749979,sphere
457,4,4,3,2,move_left,True,2024-10-18T06:04:55.798142,2.23606797749979,sphere
458,2,2,6,7,move_up,True,2024-10-18T06:04:55.798159,6.4031242374328485,cylinder
459,1,6,10,5,move_left,True,2024-10-18T06:04:55.798177,9.055385138137417,block
460,10,2,7,4,place,False,2024-10-18T06:04:55.798199,3.605551275463989,block
461,7,3,9,3,move_right,True,2024-10-18T06:04:55.798218,2.0,sphere
462,2,4,1,4,move_left,False,2024-10-18T06:04:55.798237,1.0,sphere
463,6,2,5,5,move_right,False,2024-10-18T06:04:55.798255,3.1622776601683795,block
464,0,3,3,4,move_left,True,2024-10-18T06:04:55.798272,3.1622776601683795,cylinder
465,5,5,8,5,move_down,True,2024-10-18T06:04:55.798295,3.0,sphere
466,7,9,0,3,place,False,2024-10-18T06:04:55.798318,9.219544457292887,block
467,3,8,9,8,move_up,False,2024-10-18T06:04:55.798337,6.0,sphere
468,10,5,4,9,place,False,2024-10-18T06:04:55.798355,7.211102550927978,cylinder
469,8,1,2,3,move_down,True,2024-10-18T06:04:55.798373,6.324555320336759,sphere
470,7,1,10,5,pick,False,2024-10-18T06:04:55.798390,5.0,cylinder
471,10,0,5,9,pick,False,2024-10-18T06:04:55.798407,10.295630140987,sphere
472,2,7,5,8,move_right,True,2024-10-18T06:04:55.798425,3.1622776601683795,cylinder
473,1,4,4,8,move_down,False,2024-10-18T06:04:55.798443,5.0,block
474,9,3,5,10,move_left,False,2024-10-18T06:04:55.798461,8.06225774829855,cylinder
475,3,0,4,4,place,False,2024-10-18T06:04:55.798479,4.123105625617661,block
476,1,3,10,8,move_up,True,2024-10-18T06:04:55.798497,10.295630140987,sphere
477,5,2,1,3,pick,False,2024-10-18T06:04:55.798514,4.123105625617661,cylinder
478,5,5,2,6,move_up,False,2024-10-18T06:04:55.798532,3.1622776601683795,cylinder
479,4,4,6,4,move_left,False,2024-10-18T06:04:55.798556,2.0,sphere
480,2,10,3,7,place,False,2024-10-18T06:04:55.798578,3.1622776601683795,sphere
481,2,7,8,1,pick,False,2024-10-18T06:04:55.798595,8.48528137423857,cylinder
482,5,10,1,10,move_up,False,2024-10-18T06:04:55.798612,4.0,cylinder
483,5,2,3,6,move_up,False,2024-10-18T06:04:55.798630,4.47213595499958,cylinder
484,4,3,2,5,place,False,2024-10-18T06:04:55.798648,2.8284271247461903,cylinder
485,6,3,4,8,move_down,False,2024-10-18T06:04:55.798672,5.385164807134504,cylinder
486,3,9,5,3,place,False,2024-10-18T06:04:55.798695,6.324555320336759,cylinder
487,4,2,10,2,pick,False,2024-10-18T06:04:55.798721,6.0,cylinder
488,6,9,2,8,place,False,2024-10-18T06:04:55.798748,4.123105625617661,block
489,10,2,0,1,move_right,False,2024-10-18T06:04:55.798767,10.04987562112089,block
490,8,7,4,1,move_up,True,2024-10-18T06:04:55.798807,7.211102550927978,sphere
491,0,4,4,5,pick,False,2024-10-18T06:04:55.798828,4.123105625617661,cylinder
492,2,5,3,7,move_left,True,2024-10-18T06:04:55.798851,2.23606797749979,sphere
493,10,4,0,1,place,False,2024-10-18T06:04:55.798873,10.44030650891055,block
494,10,0,5,4,move_up,True,2024-10-18T06:04:55.798892,6.4031242374328485,cylinder
495,2,7,3,7,pick,True,2024-10-18T06:04:55.798909,1.0,cylinder
496,6,1,8,0,move_up,True,2024-10-18T06:04:55.798926,2.23606797749979,sphere
497,9,10,6,10,place,False,2024-10-18T06:04:55.798943,3.0,cylinder
498,5,6,0,8,move_down,True,2024-10-18T06:04:55.798962,5.385164807134504,cylinder
499,5,6,9,4,move_right,False,2024-10-18T06:04:55.798980,4.47213595499958,block
500,3,5,10,10,move_down,False,2024-10-18T06:04:55.799005,8.602325267042627,sphere
501,6,10,5,5,move_left,False,2024-10-18T06:04:55.799032,5.0990195135927845,block
502,2,1,0,3,move_down,True,2024-10-18T06:04:55.799052,2.8284271247461903,sphere
503,9,8,1,4,move_right,False,2024-10-18T06:04:55.799070,8.94427190999916,sphere
504,8,2,5,10,move_down,False,2024-10-18T06:04:55.799088,8.54400374531753,block
505,3,3,9,3,move_up,True,2024-10-18T06:04:55.799105,6.0,cylinder
506,10,5,2,5,pick,False,2024-10-18T06:04:55.799129,8.0,block
507,6,10,4,9,move_right,True,2024-10-18T06:04:55.799148,2.23606797749979,cylinder
508,5,10,7,7,place,False,2024-10-18T06:04:55.799164,3.605551275463989,block
509,10,6,7,0,place,False,2024-10-18T06:04:55.799181,6.708203932499369,sphere
510,5,1,3,3,place,False,2024-10-18T06:04:55.799199,2.8284271247461903,block
511,0,9,1,3,move_up,False,2024-10-18T06:04:55.799216,6.082762530298219,sphere
512,0,1,7,10,move_up,False,2024-10-18T06:04:55.799235,11.40175425099138,cylinder
513,2,3,3,10,move_left,True,2024-10-18T06:04:55.799253,7.0710678118654755,sphere
514,9,0,2,4,move_left,True,2024-10-18T06:04:55.799271,8.06225774829855,block
515,10,2,1,8,move_right,False,2024-10-18T06:04:55.799290,10.816653826391969,block
516,0,6,1,3,move_down,True,2024-10-18T06:04:55.799307,3.1622776601683795,block
517,2,9,2,3,move_up,False,2024-10-18T06:04:55.799325,6.0,block
518,0,8,3,2,place,False,2024-10-18T06:04:55.799342,6.708203932499369,block
519,2,9,4,6,move_down,False,2024-10-18T06:04:55.799365,3.605551275463989,sphere
520,4,4,2,6,place,False,2024-10-18T06:04:55.799382,2.8284271247461903,cylinder
521,6,3,6,7,place,False,2024-10-18T06:04:55.799398,4.0,sphere
522,1,9,9,2,place,False,2024-10-18T06:04:55.799416,10.63014581273465,block
523,2,1,10,9,place,False,2024-10-18T06:04:55.799433,11.313708498984761,sphere
524,4,4,3,5,move_right,True,2024-10-18T06:04:55.799451,1.4142135623730951,sphere
525,0,10,4,1,place,False,2024-10-18T06:04:55.799467,9.848857801796104,cylinder
526,4,9,5,8,move_down,False,2024-10-18T06:04:55.799485,1.4142135623730951,block
527,8,10,3,0,move_down,True,2024-10-18T06:04:55.799512,11.180339887498949,block
528,5,1,8,2,pick,False,2024-10-18T06:04:55.799531,3.1622776601683795,block
529,8,2,10,2,move_left,True,2024-10-18T06:04:55.799548,2.0,block
530,3,3,7,6,move_right,True,2024-10-18T06:04:55.799566,5.0,sphere
531,7,10,6,8,move_down,False,2024-10-18T06:04:55.799584,2.23606797749979,block
532,7,6,9,4,move_left,True,2024-10-18T06:04:55.799611,2.8284271247461903,cylinder
533,0,6,3,3,move_up,False,2024-10-18T06:04:55.799629,4.242640687119285,sphere
534,8,7,8,5,move_up,True,2024-10-18T06:04:55.799645,2.0,sphere
535,9,8,6,10,move_left,True,2024-10-18T06:04:55.799668,3.605551275463989,sphere
536,7,3,7,1,move_left,False,2024-10-18T06:04:55.799687,2.0,cylinder
537,7,1,9,0,move_left,False,2024-10-18T06:04:55.799705,2.23606797749979,block
538,10,7,8,5,place,False,2024-10-18T06:04:55.799721,2.8284271247461903,cylinder
539,9,6,5,9,move_right,True,2024-10-18T06:04:55.799738,5.0,cylinder
540,8,5,7,4,move_right,False,2024-10-18T06:04:55.799761,1.4142135623730951,sphere
541,7,8,0,4,pick,False,2024-10-18T06:04:55.799778,8.06225774829855,cylinder
542,6,3,10,1,move_left,True,2024-10-18T06:04:55.799812,4.47213595499958,cylinder
543,4,8,3,6,move_right,True,2024-10-18T06:04:55.799835,2.23606797749979,block
544,1,1,4,10,move_down,True,2024-10-18T06:04:55.799854,9.486832980505138,cylinder
545,10,10,6,0,pick,False,2024-10-18T06:04:55.799872,10.770329614269007,sphere
546,2,2,10,10,place,False,2024-10-18T06:04:55.799896,11.313708498984761,sphere
547,1,4,2,0,move_up,True,2024-10-18T06:04:55.799913,4.123105625617661,cylinder
548,10,2,3,8,move_down,False,2024-10-18T06:04:55.799936,9.219544457292887,block
549,5,6,8,0,place,False,2024-10-18T06:04:55.799956,6.708203932499369,sphere
550,6,8,4,5,move_left,True,2024-10-18T06:04:55.799973,3.605551275463989,block
551,6,3,7,9,move_left,True,2024-10-18T06:04:55.799991,6.082762530298219,sphere
552,2,3,5,5,pick,False,2024-10-18T06:04:55.800007,3.605551275463989,cylinder
553,1,0,10,3,pick,False,2024-10-18T06:04:55.800028,9.486832980505138,block
554,1,1,0,6,move_down,True,2024-10-18T06:04:55.800053,5.0990195135927845,block
555,0,10,1,10,move_up,True,2024-10-18T06:04:55.800072,1.0,cylinder
556,5,4,5,0,place,False,2024-10-18T06:04:55.800093,4.0,sphere
557,2,0,0,1,move_left,True,2024-10-18T06:04:55.800110,2.23606797749979,cylinder
558,6,10,1,5,move_right,False,2024-10-18T06:04:55.800128,7.0710678118654755,block
559,9,1,2,7,pick,False,2024-10-18T06:04:55.800150,9.219544457292887,block
560,6,5,5,2,move_down,False,2024-10-18T06:04:55.800167,3.1622776601683795,cylinder
561,1,10,2,6,place,False,2024-10-18T06:04:55.800183,4.123105625617661,sphere
562,8,3,3,4,move_left,True,2024-10-18T06:04:55.800200,5.0990195135927845,block
563,9,10,1,5,move_up,True,2024-10-18T06:04:55.800217,9.433981132056603,sphere
564,4,1,1,10,pick,False,2024-10-18T06:04:55.800234,9.486832980505138,sphere
565,1,4,9,9,move_right,True,2024-10-18T06:04:55.800251,9.433981132056603,cylinder
566,5,5,1,8,place,False,2024-10-18T06:04:55.800268,5.0,sphere
567,6,4,4,7,move_right,True,2024-10-18T06:04:55.800285,3.605551275463989,sphere
568,1,3,9,9,pick,False,2024-10-18T06:04:55.800302,10.0,sphere
569,0,10,4,5,move_down,False,2024-10-18T06:04:55.800320,6.4031242374328485,cylinder
570,10,1,3,3,place,False,2024-10-18T06:04:55.800336,7.280109889280518,sphere
571,6,2,2,5,move_right,False,2024-10-18T06:04:55.800354,5.0,sphere
572,3,0,9,6,move_right,False,2024-10-18T06:04:55.800376,8.48528137423857,block
573,0,3,9,9,move_left,True,2024-10-18T06:04:55.800395,10.816653826391969,cylinder
574,0,8,9,0,move_down,True,2024-10-18T06:04:55.800412,12.041594578792296,block
575,4,4,10,10,move_down,False,2024-10-18T06:04:55.800429,8.48528137423857,cylinder
576,3,1,2,1,pick,True,2024-10-18T06:04:55.800445,1.0,sphere
577,6,10,6,4,move_down,False,2024-10-18T06:04:55.800462,6.0,block
578,6,0,4,5,move_right,True,2024-10-18T06:04:55.800480,5.385164807134504,cylinder
579,6,8,9,0,move_up,False,2024-10-18T06:04:55.800498,8.54400374531753,sphere
580,10,5,1,1,move_down,False,2024-10-18T06:04:55.800515,9.848857801796104,cylinder
581,7,3,2,8,move_down,True,2024-10-18T06:04:55.800533,7.0710678118654755,sphere
582,6,5,4,4,move_down,False,2024-10-18T06:04:55.800555,2.23606797749979,block
583,3,6,4,8,move_up,False,2024-10-18T06:04:55.800573,2.23606797749979,sphere
584,10,5,0,9,move_right,True,2024-10-18T06:04:55.800590,10.770329614269007,sphere
585,2,6,10,3,move_down,True,2024-10-18T06:04:55.800613,8.54400374531753,block
586,4,2,6,5,move_right,False,2024-10-18T06:04:55.800629,3.605551275463989,cylinder
587,6,7,3,9,place,False,2024-10-18T06:04:55.800646,3.605551275463989,sphere
588,5,7,5,0,move_up,False,2024-10-18T06:04:55.800664,7.0,cylinder
589,4,10,10,6,pick,False,2024-10-18T06:04:55.800679,7.211102550927978,cylinder
590,6,9,10,3,move_left,False,2024-10-18T06:04:55.800699,7.211102550927978,cylinder
591,7,1,5,9,move_left,False,2024-10-18T06:04:55.800716,8.246211251235321,sphere
592,6,0,10,9,move_down,True,2024-10-18T06:04:55.800734,9.848857801796104,sphere
593,8,5,3,3,pick,False,2024-10-18T06:04:55.800756,5.385164807134504,block
594,7,3,6,4,move_up,False,2024-10-18T06:04:55.800777,1.4142135623730951,cylinder
595,3,4,9,0,place,False,2024-10-18T06:04:55.800808,7.211102550927978,block
596,5,5,1,7,move_up,False,2024-10-18T06:04:55.800827,4.47213595499958,sphere
597,5,8,0,3,move_right,True,2024-10-18T06:04:55.800844,7.0710678118654755,sphere
598,0,8,7,8,move_down,False,2024-10-18T06:04:55.800862,7.0,block
599,0,2,1,1,move_right,False,2024-10-18T06:04:55.800884,1.4142135623730951,cylinder
600,8,7,2,1,move_right,False,2024-10-18T06:04:55.800903,8.48528137423857,block
601,0,1,5,4,move_up,True,2024-10-18T06:04:55.800920,5.830951894845301,cylinder
602,8,5,0,2,move_right,True,2024-10-18T06:04:55.800938,8.54400374531753,cylinder
603,7,6,4,3,move_left,True,2024-10-18T06:04:55.800956,4.242640687119285,cylinder
604,4,10,10,3,move_left,True,2024-10-18T06:04:55.800972,9.219544457292887,block
605,0,5,3,8,place,False,2024-10-18T06:04:55.800989,4.242640687119285,sphere
606,2,6,10,0,place,False,2024-10-18T06:04:55.801011,10.0,cylinder
607,6,10,5,10,move_down,False,2024-10-18T06:04:55.801030,1.0,block
608,9,7,8,8,move_left,True,2024-10-18T06:04:55.801047,1.4142135623730951,block
609,3,2,5,3,pick,False,2024-10-18T06:04:55.801063,2.23606797749979,sphere
610,4,1,2,7,move_left,False,2024-10-18T06:04:55.801080,6.324555320336759,sphere
611,3,6,7,4,place,False,2024-10-18T06:04:55.801097,4.47213595499958,sphere
612,6,2,10,8,pick,False,2024-10-18T06:04:55.801120,7.211102550927978,block
613,8,6,1,9,move_left,True,2024-10-18T06:04:55.801138,7.615773105863909,sphere
614,4,2,0,3,move_down,True,2024-10-18T06:04:55.801155,4.123105625617661,cylinder
615,8,0,4,2,move_down,False,2024-10-18T06:04:55.801172,4.47213595499958,cylinder
616,5,0,7,0,place,False,2024-10-18T06:04:55.801194,2.0,block
617,3,2,9,3,pick,False,2024-10-18T06:04:55.801212,6.082762530298219,block
618,8,0,2,1,place,False,2024-10-18T06:04:55.801229,6.082762530298219,sphere
619,5,5,1,8,pick,False,2024-10-18T06:04:55.801244,5.0,block
620,6,2,4,8,move_down,False,2024-10-18T06:04:55.801263,6.324555320336759,block
621,7,2,4,8,move_down,False,2024-10-18T06:04:55.801279,6.708203932499369,block
622,3,1,10,3,move_left,True,2024-10-18T06:04:55.801302,7.280109889280518,sphere
623,9,6,6,8,move_down,False,2024-10-18T06:04:55.801319,3.605551275463989,cylinder
624,8,1,0,8,pick,False,2024-10-18T06:04:55.801336,10.63014581273465,block
625,5,0,9,1,move_left,True,2024-10-18T06:04:55.801363,4.123105625617661,sphere
626,9,4,4,0,move_right,False,2024-10-18T06:04:55.801385,6.4031242374328485,sphere
627,2,7,9,4,pick,False,2024-10-18T06:04:55.801402,7.615773105863909,cylinder
628,10,2,2,3,move_left,True,2024-10-18T06:04:55.801420,8.06225774829855,sphere
629,7,3,0,5,move_up,True,2024-10-18T06:04:55.801437,7.280109889280518,block
630,10,2,5,3,place,False,2024-10-18T06:04:55.801454,5.0990195135927845,block
631,7,8,7,6,move_up,False,2024-10-18T06:04:55.801472,2.0,block
632,5,8,0,8,move_left,True,2024-10-18T06:04:55.801491,5.0,sphere
633,3,4,6,1,move_down,False,2024-10-18T06:04:55.801513,4.242640687119285,cylinder
634,3,3,0,9,move_up,False,2024-10-18T06:04:55.801535,6.708203932499369,cylinder
635,8,4,1,2,move_down,True,2024-10-18T06:04:55.801557,7.280109889280518,sphere
636,3,9,1,10,move_left,False,2024-10-18T06:04:55.801573,2.23606797749979,block
637,4,0,4,6,move_down,False,2024-10-18T06:04:55.801595,6.0,cylinder
638,7,0,9,5,move_left,False,2024-10-18T06:04:55.801618,5.385164807134504,cylinder
639,3,5,5,0,move_left,False,2024-10-18T06:04:55.801644,5.385164807134504,cylinder
640,5,9,9,10,pick,False,2024-10-18T06:04:55.801662,4.123105625617661,sphere
641,10,1,9,1,pick,True,2024-10-18T06:04:55.801683,1.0,block
642,6,3,9,2,move_left,True,2024-10-18T06:04:55.801702,3.1622776601683795,block
643,5,3,7,10,place,False,2024-10-18T06:04:55.801718,7.280109889280518,sphere
644,5,3,6,6,move_down,True,2024-10-18T06:04:55.801735,3.1622776601683795,sphere
645,8,4,4,8,pick,False,2024-10-18T06:04:55.801772,5.656854249492381,cylinder
646,6,3,2,8,move_up,True,2024-10-18T06:04:55.801813,6.4031242374328485,cylinder
647,4,8,5,8,place,True,2024-10-18T06:04:55.801831,1.0,block
648,4,9,0,4,move_right,True,2024-10-18T06:04:55.801848,6.4031242374328485,sphere
649,7,3,9,5,move_right,False,2024-10-18T06:04:55.801865,2.8284271247461903,sphere
650,1,10,10,5,move_up,False,2024-10-18T06:04:55.801884,10.295630140987,block
651,4,2,3,10,place,False,2024-10-18T06:04:55.801900,8.06225774829855,sphere
652,8,4,4,8,place,False,2024-10-18T06:04:55.801923,5.656854249492381,cylinder
653,8,8,7,5,move_left,True,2024-10-18T06:04:55.801941,3.1622776601683795,block
654,5,10,9,9,pick,False,2024-10-18T06:04:55.801957,4.123105625617661,cylinder
655,8,9,4,10,pick,False,2024-10-18T06:04:55.801974,4.123105625617661,cylinder
656,1,3,7,8,move_left,True,2024-10-18T06:04:55.801997,7.810249675906654,block
657,3,10,1,3,pick,False,2024-10-18T06:04:55.802014,7.280109889280518,cylinder
658,4,5,7,4,move_left,False,2024-10-18T06:04:55.802032,3.1622776601683795,sphere
659,5,4,9,8,move_down,True,2024-10-18T06:04:55.802049,5.656854249492381,sphere
660,7,2,8,3,move_up,False,2024-10-18T06:04:55.802066,1.4142135623730951,block
661,7,5,9,8,place,False,2024-10-18T06:04:55.802083,3.605551275463989,sphere
662,2,7,8,1,move_left,False,2024-10-18T06:04:55.802102,8.48528137423857,sphere
663,0,0,2,3,move_right,True,2024-10-18T06:04:55.802120,3.605551275463989,sphere
664,10,9,3,8,pick,False,2024-10-18T06:04:55.802137,7.0710678118654755,cylinder
665,0,4,6,5,place,False,2024-10-18T06:04:55.802160,6.082762530298219,cylinder
666,3,7,2,10,pick,False,2024-10-18T06:04:55.802177,3.1622776601683795,sphere
667,10,9,8,8,pick,False,2024-10-18T06:04:55.802192,2.23606797749979,block
668,6,7,1,3,move_down,False,2024-10-18T06:04:55.802208,6.4031242374328485,block
669,3,4,6,8,move_down,False,2024-10-18T06:04:55.802226,5.0,block
670,6,1,4,8,move_down,True,2024-10-18T06:04:55.802244,7.280109889280518,sphere
671,7,4,8,0,pick,False,2024-10-18T06:04:55.802260,4.123105625617661,cylinder
672,10,4,1,6,move_left,False,2024-10-18T06:04:55.802278,9.219544457292887,cylinder
673,2,4,0,7,move_left,False,2024-10-18T06:04:55.802295,3.605551275463989,block
674,2,1,9,4,move_right,True,2024-10-18T06:04:55.802315,7.615773105863909,block
675,10,3,5,0,move_up,False,2024-10-18T06:04:55.802332,5.830951894845301,cylinder
676,3,9,3,3,move_up,False,2024-10-18T06:04:55.802349,6.0,block
677,1,2,3,7,move_up,False,2024-10-18T06:04:55.802368,5.385164807134504,cylinder
678,0,1,9,8,pick,False,2024-10-18T06:04:55.802392,11.40175425099138,cylinder
679,9,6,10,9,move_right,True,2024-10-18T06:04:55.802410,3.1622776601683795,cylinder
680,7,2,8,8,move_down,False,2024-10-18T06:04:55.802428,6.082762530298219,cylinder
681,7,5,9,3,pick,False,2024-10-18T06:04:55.802448,2.8284271247461903,cylinder
682,0,4,5,3,move_up,True,2024-10-18T06:04:55.802463,5.0990195135927845,cylinder
683,7,3,3,7,move_up,False,2024-10-18T06:04:55.802481,5.656854249492381,sphere
684,5,0,2,3,move_left,True,2024-10-18T06:04:55.802502,4.242640687119285,sphere
685,3,4,2,4,place,True,2024-10-18T06:04:55.802517,1.0,block
686,0,7,7,0,pick,False,2024-10-18T06:04:55.802531,9.899494936611665,sphere
687,10,0,9,10,move_up,True,2024-10-18T06:04:55.802546,10.04987562112089,cylinder
688,5,6,3,7,move_left,False,2024-10-18T06:04:55.802564,2.23606797749979,cylinder
689,1,6,6,0,move_up,True,2024-10-18T06:04:55.802582,7.810249675906654,sphere
690,5,9,8,5,pick,False,2024-10-18T06:04:55.802604,5.0,block
691,4,9,6,7,place,False,2024-10-18T06:04:55.802624,2.8284271247461903,sphere
692,2,0,4,5,place,False,2024-10-18T06:04:55.802640,5.385164807134504,block
693,0,4,3,0,move_up,True,2024-10-18T06:04:55.802660,5.0,cylinder
694,4,10,6,2,place,False,2024-10-18T06:04:55.802676,8.246211251235321,cylinder
695,9,3,6,9,move_right,False,2024-10-18T06:04:55.802697,6.708203932499369,sphere
696,8,3,1,8,move_down,True,2024-10-18T06:04:55.802713,8.602325267042627,sphere
697,1,10,0,7,move_left,True,2024-10-18T06:04:55.802729,3.1622776601683795,block
698,5,2,10,4,place,False,2024-10-18T06:04:55.802749,5.385164807134504,block
699,9,6,5,9,pick,False,2024-10-18T06:04:55.802764,5.0,block
700,3,4,10,2,move_right,True,2024-10-18T06:04:55.802780,7.280109889280518,block
701,9,0,7,4,move_up,True,2024-10-18T06:04:55.802823,4.47213595499958,block
702,9,7,3,3,place,False,2024-10-18T06:04:55.802839,7.211102550927978,cylinder
703,4,0,3,0,move_down,False,2024-10-18T06:04:55.802854,1.0,cylinder
704,2,0,5,4,move_right,True,2024-10-18T06:04:55.802876,5.0,sphere
705,6,5,0,3,move_down,False,2024-10-18T06:04:55.802897,6.324555320336759,cylinder
706,8,3,3,3,move_right,True,2024-10-18T06:04:55.802915,5.0,block
707,2,9,3,5,place,False,2024-10-18T06:04:55.802930,4.123105625617661,sphere
708,0,10,5,10,move_right,True,2024-10-18T06:04:55.802947,5.0,block
709,3,0,5,5,move_left,False,2024-10-18T06:04:55.802971,5.385164807134504,block
710,3,2,1,4,move_up,True,2024-10-18T06:04:55.802987,2.8284271247461903,block
711,8,9,8,5,move_right,True,2024-10-18T06:04:55.803003,4.0,block
712,9,5,6,3,move_left,True,2024-10-18T06:04:55.803020,3.605551275463989,sphere
713,8,10,4,6,place,False,2024-10-18T06:04:55.803036,5.656854249492381,block
714,10,2,1,0,move_down,True,2024-10-18T06:04:55.803056,9.219544457292887,cylinder
715,0,0,3,7,move_down,False,2024-10-18T06:04:55.803074,7.615773105863909,sphere
716,6,2,6,7,place,False,2024-10-18T06:04:55.803091,5.0,sphere
717,4,4,0,5,place,False,2024-10-18T06:04:55.803106,4.123105625617661,block
718,3,7,8,7,move_down,False,2024-10-18T06:04:55.803129,5.0,sphere
719,6,6,3,5,move_right,False,2024-10-18T06:04:55.803147,3.1622776601683795,sphere
720,8,7,10,5,place,False,2024-10-18T06:04:55.803163,2.8284271247461903,block
721,5,5,9,7,move_down,True,2024-10-18T06:04:55.803180,4.47213595499958,sphere
722,1,6,0,7,move_right,True,2024-10-18T06:04:55.803197,1.4142135623730951,sphere
723,8,6,5,10,move_left,False,2024-10-18T06:04:55.803215,5.0,block
724,9,10,1,5,move_down,True,2024-10-18T06:04:55.803231,9.433981132056603,block
725,5,3,7,9,move_left,False,2024-10-18T06:04:55.803247,6.324555320336759,cylinder
726,1,5,5,7,move_down,False,2024-10-18T06:04:55.803265,4.47213595499958,cylinder
727,4,10,1,10,pick,False,2024-10-18T06:04:55.803281,3.0,block
728,4,9,6,7,place,False,2024-10-18T06:04:55.803297,2.8284271247461903,block
729,5,3,1,3,place,False,2024-10-18T06:04:55.803313,4.0,block
730,4,7,9,8,move_up,False,2024-10-18T06:04:55.803329,5.0990195135927845,sphere
731,9,0,3,6,pick,False,2024-10-18T06:04:55.803350,8.48528137423857,block
732,10,9,4,5,place,False,2024-10-18T06:04:55.803366,7.211102550927978,cylinder
733,6,6,6,7,place,True,2024-10-18T06:04:55.803381,1.0,cylinder
734,1,7,4,6,place,False,2024-10-18T06:04:55.803397,3.1622776601683795,sphere
735,0,8,8,6,place,False,2024-10-18T06:04:55.803415,8.246211251235321,sphere
736,8,7,1,4,move_left,False,2024-10-18T06:04:55.803443,7.615773105863909,block
737,3,7,6,0,move_up,True,2024-10-18T06:04:55.803461,7.615773105863909,sphere
738,9,4,3,10,move_up,False,2024-10-18T06:04:55.803479,8.48528137423857,cylinder
739,1,0,4,10,move_up,False,2024-10-18T06:04:55.803495,10.44030650891055,cylinder
740,10,3,1,8,move_down,True,2024-10-18T06:04:55.803512,10.295630140987,cylinder
741,8,3,8,8,pick,False,2024-10-18T06:04:55.803528,5.0,cylinder
742,10,2,3,2,move_down,False,2024-10-18T06:04:55.803546,7.0,cylinder
743,8,9,3,4,pick,False,2024-10-18T06:04:55.803562,7.0710678118654755,cylinder
744,8,7,6,1,move_down,False,2024-10-18T06:04:55.803580,6.324555320336759,cylinder
745,2,4,5,4,pick,False,2024-10-18T06:04:55.803596,3.0,cylinder
746,3,4,8,5,place,False,2024-10-18T06:04:55.803611,5.0990195135927845,cylinder
747,3,6,3,7,pick,True,2024-10-18T06:04:55.803629,1.0,sphere
748,10,0,8,5,place,False,2024-10-18T06:04:55.803645,5.385164807134504,sphere
749,1,6,8,5,place,False,2024-10-18T06:04:55.803660,7.0710678118654755,cylinder
750,10,0,6,4,move_up,False,2024-10-18T06:04:55.803677,5.656854249492381,block
751,5,10,6,1,move_up,False,2024-10-18T06:04:55.803695,9.055385138137417,block
752,9,1,10,0,place,False,2024-10-18T06:04:55.803711,1.4142135623730951,cylinder
753,2,6,5,3,move_right,False,2024-10-18T06:04:55.803728,4.242640687119285,block
754,4,3,8,5,pick,False,2024-10-18T06:04:55.803752,4.47213595499958,sphere
755,10,0,2,3,place,False,2024-10-18T06:04:55.803768,8.54400374531753,block
756,3,2,1,2,move_right,True,2024-10-18T06:04:55.803808,2.0,sphere
757,1,1,7,4,move_right,True,2024-10-18T06:04:55.803826,6.708203932499369,block
758,9,7,0,6,move_down,False,2024-10-18T06:04:55.803850,9.055385138137417,block
759,7,7,2,4,move_down,False,2024-10-18T06:04:55.803867,5.830951894845301,sphere
760,5,2,9,1,pick,False,2024-10-18T06:04:55.803884,4.123105625617661,sphere
761,4,3,9,7,move_right,False,2024-10-18T06:04:55.803904,6.4031242374328485,sphere
762,0,5,4,5,pick,False,2024-10-18T06:04:55.803922,4.0,cylinder
763,9,7,0,5,move_right,True,2024-10-18T06:04:55.803938,9.219544457292887,sphere
764,10,7,5,5,move_down,True,2024-10-18T06:04:55.803954,5.385164807134504,sphere
765,1,7,6,8,pick,False,2024-10-18T06:04:55.803969,5.0990195135927845,sphere
766,3,9,6,10,move_up,True,2024-10-18T06:04:55.803985,3.1622776601683795,cylinder
767,3,2,1,5,place,False,2024-10-18T06:04:55.804000,3.605551275463989,sphere
768,5,10,3,8,move_up,False,2024-10-18T06:04:55.804017,2.8284271247461903,block
769,3,10,0,7,move_down,False,2024-10-18T06:04:55.804036,4.242640687119285,cylinder
770,5,5,1,5,move_up,False,2024-10-18T06:04:55.804054,4.0,block
771,4,5,7,10,move_right,True,2024-10-18T06:04:55.804081,5.830951894845301,block
772,1,0,2,1,move_left,False,2024-10-18T06:04:55.804099,1.4142135623730951,sphere
773,5,10,7,8,move_up,True,2024-10-18T06:04:55.804117,2.8284271247461903,cylinder
774,1,0,0,0,move_down,True,2024-10-18T06:04:55.804135,1.0,block
775,0,5,2,4,pick,False,2024-10-18T06:04:55.804151,2.23606797749979,sphere
776,8,0,1,9,move_up,True,2024-10-18T06:04:55.804169,11.40175425099138,block
777,9,2,9,1,move_right,False,2024-10-18T06:04:55.804185,1.0,sphere
778,4,0,9,0,move_up,False,2024-10-18T06:04:55.804201,5.0,block
779,9,8,10,10,move_up,True,2024-10-18T06:04:55.804217,2.23606797749979,block
780,6,6,0,8,move_down,True,2024-10-18T06:04:55.804233,6.324555320336759,sphere
781,2,8,3,1,move_down,True,2024-10-18T06:04:55.804249,7.0710678118654755,sphere
782,8,8,5,10,move_right,True,2024-10-18T06:04:55.804266,3.605551275463989,block
783,6,1,0,5,move_right,False,2024-10-18T06:04:55.804283,7.211102550927978,cylinder
784,9,1,10,0,move_down,False,2024-10-18T06:04:55.804304,1.4142135623730951,sphere
785,4,1,8,7,move_left,True,2024-10-18T06:04:55.804321,7.211102550927978,sphere
786,8,2,5,10,move_down,True,2024-10-18T06:04:55.804342,8.54400374531753,block
787,8,3,8,4,move_up,False,2024-10-18T06:04:55.804359,1.0,cylinder
788,1,6,9,3,pick,False,2024-10-18T06:04:55.804375,8.54400374531753,block
789,9,0,0,7,move_down,True,2024-10-18T06:04:55.804393,11.40175425099138,sphere
790,0,10,9,10,move_down,True,2024-10-18T06:04:55.804408,9.0,block
791,6,0,8,8,move_left,True,2024-10-18T06:04:55.804427,8.246211251235321,sphere
792,0,10,10,5,move_down,False,2024-10-18T06:04:55.804444,11.180339887498949,block
793,0,8,0,6,pick,False,2024-10-18T06:04:55.804461,2.0,sphere
794,2,0,8,5,place,False,2024-10-18T06:04:55.804476,7.810249675906654,block
795,4,9,2,5,pick,False,2024-10-18T06:04:55.804490,4.47213595499958,block
796,10,4,5,5,pick,False,2024-10-18T06:04:55.804506,5.0990195135927845,cylinder
797,0,9,0,1,place,False,2024-10-18T06:04:55.804526,8.0,sphere
798,0,9,0,4,move_left,False,2024-10-18T06:04:55.804542,5.0,sphere
799,5,3,5,6,move_up,False,2024-10-18T06:04:55.804559,3.0,cylinder
800,6,7,10,3,place,False,2024-10-18T06:04:55.804573,5.656854249492381,sphere
801,9,6,5,2,move_right,False,2024-10-18T06:04:55.804589,5.656854249492381,block
802,6,6,3,1,move_left,False,2024-10-18T06:04:55.804605,5.830951894845301,cylinder
803,4,8,8,1,pick,False,2024-10-18T06:04:55.804620,8.06225774829855,cylinder
804,7,3,0,5,move_left,False,2024-10-18T06:04:55.804636,7.280109889280518,sphere
805,4,6,7,9,pick,False,2024-10-18T06:04:55.804651,4.242640687119285,cylinder
806,7,3,5,1,place,False,2024-10-18T06:04:55.804666,2.8284271247461903,cylinder
807,3,1,4,6,move_up,False,2024-10-18T06:04:55.804683,5.0990195135927845,cylinder
808,10,3,4,8,move_left,True,2024-10-18T06:04:55.804698,7.810249675906654,cylinder
809,0,0,7,0,move_left,False,2024-10-18T06:04:55.804715,7.0,block
810,5,10,6,7,move_left,False,2024-10-18T06:04:55.804731,3.1622776601683795,cylinder
811,7,10,0,10,move_up,False,2024-10-18T06:04:55.804764,7.0,block
812,8,0,10,2,move_right,False,2024-10-18T06:04:55.804780,2.8284271247461903,block
813,9,1,10,8,move_left,False,2024-10-18T06:04:55.804809,7.0710678118654755,sphere
814,7,3,2,4,move_up,True,2024-10-18T06:04:55.804825,5.0990195135927845,block
815,1,4,0,3,place,False,2024-10-18T06:04:55.804839,1.4142135623730951,cylinder
816,7,9,2,7,move_left,True,2024-10-18T06:04:55.804854,5.385164807134504,block
817,6,5,4,5,pick,False,2024-10-18T06:04:55.804868,2.0,cylinder
818,6,9,2,1,place,False,2024-10-18T06:04:55.804882,8.94427190999916,cylinder
819,7,10,2,3,pick,False,2024-10-18T06:04:55.804896,8.602325267042627,sphere
820,4,6,9,4,move_down,False,2024-10-18T06:04:55.804912,5.385164807134504,sphere
821,4,8,4,1,place,False,2024-10-18T06:04:55.804928,7.0,sphere
822,7,0,8,4,move_down,False,2024-10-18T06:04:55.804945,4.123105625617661,cylinder
823,1,8,9,7,move_up,False,2024-10-18T06:04:55.804961,8.06225774829855,block
824,1,0,6,10,move_up,True,2024-10-18T06:04:55.804985,11.180339887498949,block
825,6,5,7,3,pick,False,2024-10-18T06:04:55.805010,2.23606797749979,block
826,4,8,6,5,move_left,True,2024-10-18T06:04:55.805027,3.605551275463989,sphere
827,8,7,0,8,move_down,False,2024-10-18T06:04:55.805045,8.06225774829855,sphere
828,10,9,2,4,pick,False,2024-10-18T06:04:55.805061,9.433981132056603,sphere
829,6,4,1,4,place,False,2024-10-18T06:04:55.805079,5.0,sphere
830,9,9,3,0,move_right,True,2024-10-18T06:04:55.805094,10.816653826391969,sphere
831,10,5,0,1,pick,False,2024-10-18T06:04:55.805108,10.770329614269007,sphere
832,9,9,10,7,move_left,False,2024-10-18T06:04:55.805122,2.23606797749979,sphere
833,10,7,10,7,place,True,2024-10-18T06:04:55.805135,0.0,block
834,4,5,4,6,pick,True,2024-10-18T06:04:55.805148,1.0,cylinder
835,2,6,3,2,move_up,True,2024-10-18T06:04:55.805163,4.123105625617661,sphere
836,10,7,0,9,move_left,True,2024-10-18T06:04:55.805179,10.198039027185569,cylinder
837,3,2,5,8,move_down,True,2024-10-18T06:04:55.805202,6.324555320336759,cylinder
838,3,8,6,2,pick,False,2024-10-18T06:04:55.805216,6.708203932499369,block
839,9,3,2,1,move_up,False,2024-10-18T06:04:55.805230,7.280109889280518,block
840,10,1,5,1,move_right,True,2024-10-18T06:04:55.805245,5.0,cylinder
841,5,6,2,10,place,False,2024-10-18T06:04:55.805258,5.0,cylinder
842,7,6,0,5,move_up,True,2024-10-18T06:04:55.805274,7.0710678118654755,sphere
843,7,3,0,5,move_down,True,2024-10-18T06:04:55.805289,7.280109889280518,block
844,7,5,9,5,place,False,2024-10-18T06:04:55.805302,2.0,sphere
845,1,3,9,9,move_left,True,2024-10-18T06:04:55.805319,10.0,block
846,7,2,10,1,move_up,True,2024-10-18T06:04:55.805334,3.1622776601683795,sphere
847,7,8,0,7,move_down,True,2024-10-18T06:04:55.805352,7.0710678118654755,sphere
848,0,4,8,3,move_left,False,2024-10-18T06:04:55.805377,8.06225774829855,cylinder
849,7,10,3,5,move_left,True,2024-10-18T06:04:55.805394,6.4031242374328485,block
850,4,1,1,3,place,False,2024-10-18T06:04:55.805416,3.605551275463989,cylinder
851,6,4,7,7,move_down,True,2024-10-18T06:04:55.805433,3.1622776601683795,cylinder
852,8,3,1,7,move_right,False,2024-10-18T06:04:55.805452,8.06225774829855,cylinder
853,10,3,2,0,move_right,False,2024-10-18T06:04:55.805470,8.54400374531753,sphere
854,10,10,8,10,pick,False,2024-10-18T06:04:55.805487,2.0,cylinder
855,8,4,7,7,pick,False,2024-10-18T06:04:55.805503,3.1622776601683795,sphere
856,0,3,2,7,pick,False,2024-10-18T06:04:55.805519,4.47213595499958,sphere
857,9,3,0,7,move_right,True,2024-10-18T06:04:55.805538,9.848857801796104,sphere
858,2,5,6,8,place,False,2024-10-18T06:04:55.805554,5.0,sphere
859,8,2,1,0,move_up,False,2024-10-18T06:04:55.805572,7.280109889280518,cylinder
860,1,9,0,8,move_right,True,2024-10-18T06:04:55.805590,1.4142135623730951,cylinder
861,5,0,5,3,move_left,False,2024-10-18T06:04:55.805608,3.0,sphere
862,0,1,4,7,pick,False,2024-10-18T06:04:55.805626,7.211102550927978,cylinder
863,5,5,1,8,place,False,2024-10-18T06:04:55.805643,5.0,block
864,3,0,4,5,move_right,False,2024-10-18T06:04:55.805665,5.0990195135927845,cylinder
865,9,9,4,0,move_down,True,2024-10-18T06:04:55.805684,10.295630140987,block
866,6,3,10,10,move_up,True,2024-10-18T06:04:55.805701,8.06225774829855,cylinder
867,0,3,4,6,move_down,False,2024-10-18T06:04:55.805719,5.0,sphere
868,9,3,7,10,move_up,True,2024-10-18T06:04:55.805736,7.280109889280518,block
869,4,9,10,8,place,False,2024-10-18T06:04:55.805761,6.082762530298219,sphere
870,6,6,8,10,move_right,False,2024-10-18T06:04:55.805779,4.47213595499958,cylinder
871,7,7,8,5,move_down,True,2024-10-18T06:04:55.805818,2.23606797749979,sphere
872,8,4,10,6,place,False,2024-10-18T06:04:55.805836,2.8284271247461903,block
873,3,3,2,4,move_down,True,2024-10-18T06:04:55.805854,1.4142135623730951,block
874,0,3,10,5,move_down,False,2024-10-18T06:04:55.805873,10.198039027185569,sphere
875,9,1,3,0,move_left,True,2024-10-18T06:04:55.805891,6.082762530298219,block
876,5,1,8,2,move_left,False,2024-10-18T06:04:55.805910,3.1622776601683795,cylinder
877,7,7,4,2,move_up,False,2024-10-18T06:04:55.805934,5.830951894845301,cylinder
878,5,6,7,8,move_left,False,2024-10-18T06:04:55.805953,2.8284271247461903,sphere
879,0,10,10,8,move_right,True,2024-10-18T06:04:55.805970,10.198039027185569,cylinder
880,10,8,6,0,move_down,True,2024-10-18T06:04:55.805988,8.94427190999916,cylinder
881,4,7,8,0,place,False,2024-10-18T06:04:55.806005,8.06225774829855,cylinder
882,10,8,7,1,place,False,2024-10-18T06:04:55.806023,7.615773105863909,sphere
883,0,5,6,10,move_up,False,2024-10-18T06:04:55.806040,7.810249675906654,cylinder
884,5,2,0,9,pick,False,2024-10-18T06:04:55.806057,8.602325267042627,cylinder
885,2,5,1,5,move_up,False,2024-10-18T06:04:55.806076,1.0,cylinder
886,4,4,1,6,move_left,True,2024-10-18T06:04:55.806094,3.605551275463989,cylinder
887,8,5,0,6,move_left,True,2024-10-18T06:04:55.806112,8.06225774829855,block
888,6,2,10,3,pick,False,2024-10-18T06:04:55.806135,4.123105625617661,sphere
889,6,1,8,3,move_left,False,2024-10-18T06:04:55.806159,2.8284271247461903,cylinder
890,8,9,3,9,move_right,True,2024-10-18T06:04:55.806187,5.0,cylinder
891,2,9,6,1,move_left,False,2024-10-18T06:04:55.806204,8.94427190999916,cylinder
892,4,2,7,9,move_right,False,2024-10-18T06:04:55.806223,7.615773105863909,block
893,1,0,7,8,move_left,True,2024-10-18T06:04:55.806241,10.0,sphere
894,5,4,10,9,pick,False,2024-10-18T06:04:55.806257,7.0710678118654755,sphere
895,8,1,10,1,move_right,False,2024-10-18T06:04:55.806275,2.0,block
896,0,6,4,3,move_left,True,2024-10-18T06:04:55.806293,5.0,cylinder
897,3,7,2,7,move_left,True,2024-10-18T06:04:55.806310,1.0,cylinder
898,5,8,4,1,place,False,2024-10-18T06:04:55.806328,7.0710678118654755,block
899,4,2,5,10,move_down,False,2024-10-18T06:04:55.806346,8.06225774829855,sphere
900,3,7,1,7,move_left,False,2024-10-18T06:04:55.806365,2.0,block
901,8,9,2,9,move_down,False,2024-10-18T06:04:55.806383,6.0,cylinder
902,1,6,1,5,pick,True,2024-10-18T06:04:55.806408,1.0,block
903,4,7,7,4,move_right,False,2024-10-18T06:04:55.806431,4.242640687119285,block
904,8,9,4,0,move_down,False,2024-10-18T06:04:55.806450,9.848857801796104,cylinder
905,9,8,5,4,move_down,True,2024-10-18T06:04:55.806468,5.656854249492381,cylinder
906,7,0,5,5,pick,False,2024-10-18T06:04:55.806485,5.385164807134504,cylinder
907,4,1,5,10,move_left,False,2024-10-18T06:04:55.806509,9.055385138137417,block
908,9,9,7,1,move_left,True,2024-10-18T06:04:55.806528,8.246211251235321,sphere
909,0,1,5,5,move_right,False,2024-10-18T06:04:55.806551,6.4031242374328485,cylinder
910,4,5,4,3,move_right,True,2024-10-18T06:04:55.806575,2.0,sphere
911,0,8,9,9,move_right,True,2024-10-18T06:04:55.806599,9.055385138137417,cylinder
912,7,6,4,6,pick,False,2024-10-18T06:04:55.806615,3.0,sphere
913,7,3,7,3,move_up,False,2024-10-18T06:04:55.806632,0.0,block
914,8,3,7,6,place,False,2024-10-18T06:04:55.806649,3.1622776601683795,sphere
915,6,5,9,3,place,False,2024-10-18T06:04:55.806668,3.605551275463989,block
916,5,0,7,8,pick,False,2024-10-18T06:04:55.806684,8.246211251235321,block
917,9,6,9,5,move_right,False,2024-10-18T06:04:55.806709,1.0,block
918,7,6,3,0,move_down,True,2024-10-18T06:04:55.806726,7.211102550927978,sphere
919,1,9,7,10,move_down,True,2024-10-18T06:04:55.806751,6.082762530298219,sphere
920,10,4,6,3,pick,False,2024-10-18T06:04:55.806768,4.123105625617661,cylinder
921,8,7,3,2,move_up,False,2024-10-18T06:04:55.806798,7.0710678118654755,cylinder
922,0,9,3,5,place,False,2024-10-18T06:04:55.806814,5.0,block
923,7,8,7,5,move_left,False,2024-10-18T06:04:55.806829,3.0,cylinder
924,8,10,10,7,place,False,2024-10-18T06:04:55.806843,3.605551275463989,sphere
925,7,10,3,0,move_left,True,2024-10-18T06:04:55.806860,10.770329614269007,block
926,9,1,9,9,move_left,False,2024-10-18T06:04:55.806878,8.0,sphere
927,8,1,0,0,place,False,2024-10-18T06:04:55.806895,8.06225774829855,block
928,8,9,1,2,move_up,False,2024-10-18T06:04:55.806913,9.899494936611665,sphere
929,2,1,4,1,pick,False,2024-10-18T06:04:55.806930,2.0,sphere
930,0,8,0,4,move_down,False,2024-10-18T06:04:55.806955,4.0,block
931,5,7,7,7,move_up,True,2024-10-18T06:04:55.806974,2.0,sphere
932,5,7,10,7,move_up,True,2024-10-18T06:04:55.806991,5.0,block
933,10,5,2,3,place,False,2024-10-18T06:04:55.807008,8.246211251235321,sphere
934,7,10,7,2,move_up,False,2024-10-18T06:04:55.807025,8.0,cylinder
935,3,7,7,8,pick,False,2024-10-18T06:04:55.807042,4.123105625617661,cylinder
936,9,10,8,7,move_up,True,2024-10-18T06:04:55.807060,3.1622776601683795,block
937,1,10,10,6,move_left,True,2024-10-18T06:04:55.807079,9.848857801796104,cylinder
938,10,4,0,3,pick,False,2024-10-18T06:04:55.807095,10.04987562112089,cylinder
939,1,9,6,3,move_left,True,2024-10-18T06:04:55.807114,7.810249675906654,block
940,10,10,3,9,move_right,True,2024-10-18T06:04:55.807138,7.0710678118654755,block
941,4,6,5,0,move_left,True,2024-10-18T06:04:55.807156,6.082762530298219,sphere
942,7,1,1,3,move_right,False,2024-10-18T06:04:55.807174,6.324555320336759,block
943,2,1,3,7,move_left,True,2024-10-18T06:04:55.807196,6.082762530298219,block
944,1,1,5,8,move_left,False,2024-10-18T06:04:55.807214,8.06225774829855,cylinder
945,10,4,10,0,move_right,False,2024-10-18T06:04:55.807231,4.0,cylinder
946,7,9,3,9,place,False,2024-10-18T06:04:55.807249,4.0,cylinder
947,2,6,2,7,pick,True,2024-10-18T06:04:55.807265,1.0,sphere
948,9,4,6,0,move_up,True,2024-10-18T06:04:55.807283,5.0,sphere
949,1,0,9,4,move_up,True,2024-10-18T06:04:55.807303,8.94427190999916,sphere
950,8,5,1,10,move_down,False,2024-10-18T06:04:55.807321,8.602325267042627,sphere
951,3,5,5,9,place,False,2024-10-18T06:04:55.807338,4.47213595499958,sphere
952,6,1,4,9,move_right,False,2024-10-18T06:04:55.807361,8.246211251235321,block
953,4,7,9,8,pick,False,2024-10-18T06:04:55.807378,5.0990195135927845,block
954,0,4,6,4,move_left,False,2024-10-18T06:04:55.807397,6.0,cylinder
955,0,9,1,8,move_left,False,2024-10-18T06:04:55.807416,1.4142135623730951,cylinder
956,9,5,3,10,move_up,False,2024-10-18T06:04:55.807437,7.810249675906654,block
957,8,6,0,4,pick,False,2024-10-18T06:04:55.807455,8.246211251235321,cylinder
958,6,0,6,0,move_left,True,2024-10-18T06:04:55.807472,0.0,cylinder
959,1,10,2,5,move_down,True,2024-10-18T06:04:55.807491,5.0990195135927845,block
960,6,9,3,6,move_down,True,2024-10-18T06:04:55.807508,4.242640687119285,block
961,0,6,0,3,pick,False,2024-10-18T06:04:55.807525,3.0,cylinder
962,3,3,3,2,move_down,False,2024-10-18T06:04:55.807542,1.0,block
963,0,2,5,7,move_right,False,2024-10-18T06:04:55.807561,7.0710678118654755,sphere
964,10,0,5,2,move_down,True,2024-10-18T06:04:55.807579,5.385164807134504,sphere
965,3,4,3,10,move_up,True,2024-10-18T06:04:55.807596,6.0,block
966,9,5,3,10,move_up,True,2024-10-18T06:04:55.807614,7.810249675906654,cylinder
967,5,4,8,8,pick,False,2024-10-18T06:04:55.807630,5.0,cylinder
968,2,1,1,4,move_up,True,2024-10-18T06:04:55.807658,3.1622776601683795,sphere
969,6,6,2,3,move_up,True,2024-10-18T06:04:55.807674,5.0,block
970,10,10,0,7,move_left,False,2024-10-18T06:04:55.807697,10.44030650891055,block
971,2,6,5,1,move_down,False,2024-10-18T06:04:55.807714,5.830951894845301,block
972,2,7,4,2,pick,False,2024-10-18T06:04:55.807731,5.385164807134504,block
973,7,10,10,7,move_down,True,2024-10-18T06:04:55.807754,4.242640687119285,cylinder
974,10,7,8,9,move_left,True,2024-10-18T06:04:55.807779,2.8284271247461903,block
975,1,6,9,9,move_up,False,2024-10-18T06:04:55.807817,8.54400374531753,sphere
976,9,5,7,8,move_down,True,2024-10-18T06:04:55.807836,3.605551275463989,cylinder
977,0,1,8,8,place,False,2024-10-18T06:04:55.807852,10.63014581273465,block
978,3,2,3,3,move_left,False,2024-10-18T06:04:55.807871,1.0,block
979,5,10,0,4,move_up,False,2024-10-18T06:04:55.807887,7.810249675906654,block
980,0,7,10,4,move_right,False,2024-10-18T06:04:55.807906,10.44030650891055,cylinder
981,9,5,5,6,pick,False,2024-10-18T06:04:55.807922,4.123105625617661,block
982,1,0,7,5,move_up,True,2024-10-18T06:04:55.807941,7.810249675906654,block
983,9,2,3,6,move_up,False,2024-10-18T06:04:55.807964,7.211102550927978,cylinder
984,3,8,8,5,move_down,True,2024-10-18T06:04:55.807982,5.830951894845301,sphere
985,8,3,6,6,move_down,True,2024-10-18T06:04:55.807998,3.605551275463989,cylinder
986,2,1,1,3,move_right,False,2024-10-18T06:04:55.808016,2.23606797749979,block
987,5,0,2,9,move_up,False,2024-10-18T06:04:55.808034,9.486832980505138,sphere
988,6,7,7,8,move_down,False,2024-10-18T06:04:55.808051,1.4142135623730951,block
989,5,7,2,3,move_up,True,2024-10-18T06:04:55.808069,5.0,sphere
990,8,1,0,6,move_up,True,2024-10-18T06:04:55.808091,9.433981132056603,cylinder
991,5,3,4,8,move_up,False,2024-10-18T06:04:55.808109,5.0990195135927845,block
992,6,9,1,2,move_down,False,2024-10-18T06:04:55.808127,8.602325267042627,cylinder
993,10,3,0,4,move_right,False,2024-10-18T06:04:55.808145,10.04987562112089,cylinder
994,7,9,4,8,place,False,2024-10-18T06:04:55.808164,3.1622776601683795,block
995,10,6,9,10,place,False,2024-10-18T06:04:55.808180,4.123105625617661,sphere
996,4,5,9,2,place,False,2024-10-18T06:04:55.808201,5.830951894845301,block
997,2,0,8,5,move_left,True,2024-10-18T06:04:55.808220,7.810249675906654,cylinder
998,4,2,9,0,pick,False,2024-10-18T06:04:55.808237,5.385164807134504,sphere
999,2,0,6,3,move_down,False,2024-10-18T06:04:55.808255,5.0,cylinder
1000,10,1,8,5,place,False,2024-10-18T06:04:55.808272,4.47213595499958,sphere
